"id","relation_id","form_id","cash_apps_id","account_id","amount_loaded","previous_balance","final_balance","type","created_by","deleted_at","created_at","updated_at"
"1","14","1333",NULL,"1","1","0","1","load","4","2024-01-26 04:38:23","2024-01-26 04:38:23","2024-02-26 04:38:23"
"2","15","1333",NULL,"1","100","0","100","load","4","2024-01-26 04:38:23","2024-01-27 23:07:48","2024-02-27 23:07:48"
"3","16","1333",NULL,"1","1","1","2","load","4","2024-01-26 04:38:23","2024-01-27 23:07:50","2024-02-27 23:07:50"
"4","17","1315",NULL,"1","100","0","100","load","4","2024-01-26 04:38:23","2024-01-27 23:07:53","2024-02-27 23:07:53"
"5","18","1315",NULL,"1","1","1","2","load","4","2024-01-26 04:38:23","2024-01-27 23:07:56","2024-02-27 23:07:56"
"6","19","1336",NULL,"1","100","0","100","load","4","2024-01-26 04:38:23","2024-01-27 23:07:59","2024-02-27 23:07:59"
"7","20","1336",NULL,"1","1","1","2","load","4","2024-01-26 04:38:23","2024-01-27 23:08:00","2024-02-27 23:08:00"
"8","21","1310",NULL,"1","110","0","110","load","4","2024-01-26 04:38:23","2024-01-27 23:08:05","2024-02-27 23:08:05"
"9","22","1345",NULL,"1","200","0","200","load","4","2024-01-26 04:38:23","2024-02-05 00:00:00","2024-03-03 22:56:34"
"10","23","1333",NULL,"1","200","1","201","load","4","2024-01-26 04:38:23","2024-02-05 00:00:00","2024-03-03 22:56:39"
"11","24","1345",NULL,"1","1","0","1","load","50",NULL,"2024-03-04 04:39:11","2024-03-04 04:39:12"
"12","25","1333",NULL,"1","1","1","2","load","50","2024-03-12 00:59:04","2024-03-04 05:11:51","2024-03-12 00:59:04"
"13","26","1333",NULL,"1","1","1","2","load","53","2024-03-12 00:59:01","2024-03-05 04:35:58","2024-03-12 00:59:01"
"14","3","1345","1","1","1","0","-1","redeem","53","2024-03-12 00:58:51","2024-03-05 04:37:02","2024-03-12 00:58:51"
"15","4","1345","1","1","1","0","-1","redeem","50","2024-03-08 00:56:59","2024-03-06 03:11:02","2024-03-08 00:56:59"
"16","4","1345",NULL,"1","1","0","0","refer","50","2024-03-08 00:56:55","2024-03-06 08:08:35","2024-03-08 00:56:55"
"17","5","1345","1","1","1","0","-1","redeem","50","2024-03-08 00:56:54","2024-03-06 08:08:39","2024-03-08 00:56:54"
"18","5","1345",NULL,"1","11","0","0","refer","50","2024-03-08 00:56:53","2024-03-06 08:09:41","2024-03-08 00:56:53"
"19","6","1345",NULL,"1","1","0","0","refer","50","2024-03-08 00:56:52","2024-03-06 08:21:51","2024-03-08 00:56:52"
"20","7","1345",NULL,"1","55","0","0","refer","50","2024-03-08 00:56:51","2024-03-06 08:23:00","2024-03-08 00:56:51"
"21","8","1345",NULL,"1","1","0","0","refer","50","2024-03-08 00:56:51","2024-03-06 08:36:04","2024-03-08 00:56:51"
"22","27","1345",NULL,"1","1","0","1","load","50","2024-03-08 00:56:49","2024-03-06 08:36:07","2024-03-08 00:56:49"
"23","28","1345",NULL,"1","1","0","1","load","50","2024-03-08 00:56:48","2024-03-06 08:58:14","2024-03-08 00:56:48"
"24","29","1345",NULL,"1","1","0","1","load","50","2024-03-08 00:56:47","2024-03-06 09:00:00","2024-03-08 00:56:47"
"25","30","1345",NULL,"1","1","0","1","load","50","2024-03-08 00:56:46","2024-03-06 09:01:56","2024-03-08 00:56:46"
"26","31","1345",NULL,"1","1","0","1","load","50","2024-03-08 00:56:46","2024-03-06 09:03:54","2024-03-08 00:56:46"
"27","32","1345",NULL,"1","1","0","1","load","50","2024-03-08 00:56:44","2024-03-06 09:28:59","2024-03-08 00:56:44"
"28","33","1333",NULL,"1","1","1","2","load","50","2024-03-08 00:56:43","2024-03-06 23:25:49","2024-03-08 00:56:43"
"29","34","1345",NULL,"1","1","0","1","load","50","2024-03-08 00:56:42","2024-03-06 23:36:26","2024-03-08 00:56:42"
"30","9","1315",NULL,"1","1","0","0","refer","50","2024-03-08 00:56:42","2024-03-07 03:45:03","2024-03-08 00:56:42"
"31","10","1347",NULL,"1","200","0","0","refer","50","2024-03-08 00:56:40","2024-03-07 03:45:12","2024-03-08 00:56:40"
"32","11","1345",NULL,"1","1","0","0","refer","50","2024-03-08 00:56:40","2024-03-07 03:50:00","2024-03-08 00:56:40"
"33","12","1345",NULL,"1","1","0","0","refer","50","2024-03-08 00:56:39","2024-03-07 04:06:09","2024-03-08 00:56:39"
"34","35","1333",NULL,"1","1","1","2","load","50","2024-03-08 00:56:37","2024-03-07 04:33:27","2024-03-08 00:56:37"
"35","36","1345",NULL,"1","1","0","1","load","50","2024-03-08 00:56:36","2024-03-07 04:33:33","2024-03-08 00:56:36"
"36","37","1345",NULL,"1","1","0","1","load","50","2024-03-08 00:56:35","2024-03-07 04:34:10","2024-03-08 00:56:35"
"37","38","1345",NULL,"1","1","0","1","load","50","2024-03-08 00:56:34","2024-03-07 05:13:55","2024-03-08 00:56:34"
"38","39","1333",NULL,"1","1","1","2","load","50","2024-03-08 00:56:33","2024-03-07 05:13:59","2024-03-08 00:56:33"
"39","3","1345",NULL,"1","1","0","0","tip","50","2024-03-08 00:56:32","2024-03-07 05:14:02","2024-03-08 00:56:32"
"40","40","1345",NULL,"1","1","0","1","load","50","2024-03-08 00:56:31","2024-03-07 05:50:00","2024-03-08 00:56:31"
"41","41","1345",NULL,"1","1","0","1","load","50","2024-03-08 00:56:30","2024-03-07 06:04:21","2024-03-08 00:56:30"
"42","42","1345",NULL,"1","1","0","1","load","50","2024-03-08 00:56:29","2024-03-07 06:15:08","2024-03-08 00:56:29"
"43","43","1345",NULL,"1","1","0","1","load","50","2024-03-08 00:56:28","2024-03-07 06:15:24","2024-03-08 00:56:28"
"44","13","1345",NULL,"1","1","0","0","refer","50","2024-03-08 00:56:27","2024-03-07 06:15:30","2024-03-08 00:56:27"
"45","4","1345",NULL,"1","1","0","0","tip","50","2024-03-08 00:56:25","2024-03-07 06:15:39","2024-03-08 00:56:25"
"46","44","1347",NULL,"1","1","0","1","load","50","2024-03-12 00:58:49","2024-03-08 01:38:12","2024-03-12 00:58:49"
"47","45","1366",NULL,"1","1","0","1","load","50","2024-04-30 00:10:52","2024-04-30 00:10:38","2024-04-30 00:10:52"
"48","46","1349",NULL,"1","10","0","10","load","50",NULL,"2024-06-09 09:16:17","2024-06-09 09:16:17"
"49","14","1349",NULL,"1","4","0","0","refer","50",NULL,"2024-06-09 09:16:21","2024-06-09 09:16:21"
"50","6","1349","1","1","45","0","-45","redeem","50",NULL,"2024-06-09 09:16:39","2024-06-09 09:16:39"
"51","5","1349",NULL,"1","5","0","0","tip","50",NULL,"2024-06-09 09:16:47","2024-06-09 09:16:47"
"52","47","1358",NULL,"15","10","0","10","load","50",NULL,"2024-06-09 09:30:36","2024-06-09 09:30:36"
"53","15","1358",NULL,"15","4","0","0","refer","50",NULL,"2024-06-09 09:30:39","2024-06-09 09:30:39"
"54","7","1358","1","15","50","0","-50","redeem","50",NULL,"2024-06-09 09:30:46","2024-06-09 09:30:46"
"55","6","1358",NULL,"15","5","0","0","tip","50",NULL,"2024-06-09 09:30:48","2024-06-09 09:30:48"
"56","48","1343",NULL,"28","12","0","12","load","50","2024-06-09 09:31:57","2024-06-09 09:31:40","2024-06-09 09:31:57"
"57","49","1394",NULL,"16","10","0","10","load","50","2024-10-22 02:48:50","2024-10-22 02:48:33","2024-10-22 02:48:50"
"58","16","1373",NULL,"16","4","0","0","refer","50",NULL,"2024-10-22 02:55:21","2024-10-22 02:55:21"
"59","50","1373",NULL,"16","10","0","10","load","50",NULL,"2024-10-22 02:55:24","2024-10-22 02:55:24"
"60","17","1373",NULL,"16","2","0","0","refer","50","2024-10-22 02:56:58","2024-10-22 02:56:31","2024-10-22 02:56:58"
"61","18","1373",NULL,"16","10","0","0","refer","50","2024-10-22 02:56:56","2024-10-22 02:56:40","2024-10-22 02:56:56"
"62","51","1381",NULL,"21","25","0","25","load","50",NULL,"2024-10-22 03:00:06","2024-10-22 03:00:06"
"63","19","1381",NULL,"21","10","0","0","refer","50",NULL,"2024-10-22 03:00:09","2024-10-22 03:00:09"
"64","52","1373",NULL,"16","10","0","10","load","50",NULL,"2024-10-22 03:46:51","2024-10-22 03:46:51"
"65","20","1373",NULL,"16","14","0","0","refer","50",NULL,"2024-10-22 03:46:53","2024-10-22 03:46:53"
"66","53","1381",NULL,"21","25","0","25","load","50",NULL,"2024-10-22 03:49:12","2024-10-22 03:49:12"
"67","21","1381",NULL,"21","35","0","0","refer","50","2024-10-22 03:49:40","2024-10-22 03:49:23","2024-10-22 03:49:40"
"68","54","1381",NULL,"21","25","0","25","load","50",NULL,"2024-10-22 03:50:09","2024-10-22 03:50:09"
"69","22","1381",NULL,"21","10","0","0","refer","50",NULL,"2024-10-22 03:50:12","2024-10-22 03:50:12"
"70","55","1394",NULL,"15","6","0","6","load","50",NULL,"2024-10-23 09:29:12","2024-10-23 09:29:12"
"71","56","1331",NULL,"28","7","0","7","load","50",NULL,"2024-10-23 09:29:41","2024-10-23 09:29:41"
"72","57","1373",NULL,"16","10","0","10","load","50",NULL,"2024-10-23 09:30:15","2024-10-23 09:30:15"
"73","23","1373",NULL,"16","4","0","0","refer","50",NULL,"2024-10-23 09:30:18","2024-10-23 09:30:18"
"74","58","1381",NULL,"21","25","1","26","load","50",NULL,"2024-10-23 09:30:47","2024-10-23 09:30:47"
"75","24","1381",NULL,"21","10","0","0","refer","50",NULL,"2024-10-23 09:30:54","2024-10-23 09:30:54"
"76","59","1394",NULL,"15","2","0","2","load","50",NULL,"2024-10-23 09:31:17","2024-10-23 09:31:17"
"77","60","1406",NULL,"16","8","0","8","load","50",NULL,"2024-10-23 09:34:32","2024-10-23 09:34:32"
"78","25","1406",NULL,"16","2","0","0","refer","50",NULL,"2024-10-23 09:34:38","2024-10-23 09:34:38"
"79","61","1407",NULL,"16","5","0","5","load","50",NULL,"2024-10-23 09:35:41","2024-10-23 09:35:41"
"80","26","1407",NULL,"16","3","0","0","refer","50",NULL,"2024-10-23 09:35:44","2024-10-23 09:35:44"
"81","27","1396",NULL,"16","1","0","0","refer","50",NULL,"2024-11-04 04:20:50","2024-11-04 04:20:50"
"82","62","1396",NULL,"16","4","0","4","load","50",NULL,"2024-11-04 04:20:55","2024-11-04 04:20:55"
"83","63","1394",NULL,"16","7","0","7","load","50",NULL,"2024-11-04 04:26:42","2024-11-04 04:26:42"
"84","28","1394",NULL,"16","2","0","0","refer","50",NULL,"2024-11-04 04:26:45","2024-11-04 04:26:45"
"85","64","1394",NULL,"16","4","0","4","load","50",NULL,"2024-11-03 00:00:00","2024-11-04 04:31:31"
"86","29","1394",NULL,"16","1","0","0","refer","50",NULL,"2024-11-03 00:00:00","2024-11-04 04:31:34"
"87","65","1373",NULL,"16","16","0","16","load","50",NULL,"2024-11-03 00:00:00","2024-11-04 04:34:54"
"88","30","1373",NULL,"16","3","0","0","refer","50",NULL,"2024-11-03 00:00:00","2024-11-04 04:34:58"
"89","8","1373","1","16","79","0","-79","redeem","50",NULL,"2024-11-03 00:00:00","2024-11-04 04:36:42"
"90","31","1373",NULL,"16","3","0","0","refer","50",NULL,"2024-11-03 00:00:00","2024-11-04 04:36:49"
"91","66","1381",NULL,"15","15","1","16","load","50",NULL,"2024-11-03 00:00:00","2024-11-04 04:42:06"
"92","32","1381",NULL,"15","5","0","0","refer","50",NULL,"2024-11-03 00:00:00","2024-11-04 04:42:13"
"93","9","1381","1","15","62","1","-61","redeem","50",NULL,"2024-11-04 04:43:29","2024-11-04 04:43:29"
"94","7","1381",NULL,"15","20","0","0","tip","50",NULL,"2024-11-04 04:43:39","2024-11-04 04:43:39"
"95","67","1381",NULL,"15","15","1","16","load","50",NULL,"2024-11-04 04:43:57","2024-11-04 04:43:57"
"96","68","1411",NULL,"15","25","0","25","load","50",NULL,"2024-11-05 04:23:19","2024-11-05 04:23:19"
"97","33","1411",NULL,"15","3","0","0","refer","50",NULL,"2024-11-05 04:23:24","2024-11-05 04:23:24"
"98","69","1394",NULL,"16","7","0","7","load","50",NULL,"2024-11-03 00:00:00","2024-11-05 04:27:47"
"99","34","1394",NULL,"16","2","0","0","refer","50",NULL,"2024-11-03 00:00:00","2024-11-05 04:27:50"
"100","70","1416",NULL,"16","7","0","7","load","50",NULL,"2024-11-03 00:00:00","2024-11-05 04:30:00"
"101","35","1416",NULL,"16","2","0","0","refer","50",NULL,"2024-11-03 00:00:00","2024-11-05 04:30:03"
"102","71","1416",NULL,"16","10","0","10","load","50",NULL,"2024-11-03 00:00:00","2024-11-05 04:30:14"
"103","36","1416",NULL,"16","2","0","0","refer","50",NULL,"2024-11-03 00:00:00","2024-11-05 04:30:18"
"104","72","1394",NULL,"15","8","0","8","load","50",NULL,"2024-11-03 00:00:00","2024-11-05 04:31:45"
"105","37","1394",NULL,"15","2","0","0","refer","50",NULL,"2024-11-03 00:00:00","2024-11-05 04:31:54"
"106","73","1416",NULL,"16","6","0","6","load","50",NULL,"2024-11-03 00:00:00","2024-11-05 04:39:59"
"107","38","1416",NULL,"16","2","0","0","refer","50",NULL,"2024-11-03 00:00:00","2024-11-05 04:40:02"
"108","74","1411",NULL,"16","20","0","20","load","50",NULL,"2024-11-03 00:00:00","2024-11-05 04:40:55"
"109","39","1411",NULL,"16","4","0","0","refer","50",NULL,"2024-11-03 00:00:00","2024-11-05 04:40:59"
"110","75","1394",NULL,"16","4","0","4","load","50",NULL,"2024-11-03 00:00:00","2024-11-05 04:41:23"
"111","40","1394",NULL,"16","1","0","0","refer","50",NULL,"2024-11-03 00:00:00","2024-11-05 04:41:26"
"112","76","1394",NULL,"24","3","0","3","load","50","2024-11-05 04:42:22","2024-11-03 00:00:00","2024-11-05 04:42:22"
"113","77","1394",NULL,"24","5","0","5","load","50",NULL,"2024-11-03 00:00:00","2024-11-05 04:42:32"
"114","41","1394",NULL,"24","1","0","0","refer","50",NULL,"2024-11-03 00:00:00","2024-11-05 04:42:39"
"115","10","1394","1","24","25","0","-25","redeem","50",NULL,"2024-11-03 00:00:00","2024-11-05 04:42:58"
"116","78","1394",NULL,"24","5","0","5","load","50",NULL,"2024-11-03 00:00:00","2024-11-05 04:43:09"
"117","42","1394",NULL,"24","1","0","0","refer","50",NULL,"2024-11-03 00:00:00","2024-11-05 04:43:12"
"118","79","1394",NULL,"1","7","0","7","load","50",NULL,"2024-11-03 00:00:00","2024-11-05 04:44:23"
"119","43","1394",NULL,"1","2","0","0","refer","50",NULL,"2024-11-03 00:00:00","2024-11-05 04:44:26"
"120","80","1364",NULL,"16","19","0","19","load","50",NULL,"2024-11-03 00:00:00","2024-11-05 04:45:05"
"121","44","1364",NULL,"16","4","0","0","refer","50",NULL,"2024-11-03 00:00:00","2024-11-05 04:45:13"
"122","81","1416",NULL,"16","8","0","8","load","50",NULL,"2024-11-03 00:00:00","2024-11-05 04:46:15"
"123","45","1416",NULL,"16","3","0","0","refer","50",NULL,"2024-11-03 00:00:00","2024-11-05 04:46:18"
"124","82","1416",NULL,"16","8","0","8","load","50",NULL,"2024-11-03 00:00:00","2024-11-05 04:47:01"
"125","46","1416",NULL,"16","3","0","0","refer","50",NULL,"2024-11-03 00:00:00","2024-11-05 04:47:04"
"126","83","1416",NULL,"16","20","0","20","load","50",NULL,"2024-11-03 00:00:00","2024-11-05 04:47:38"
"127","84","1416",NULL,"16","18","0","18","load","50",NULL,"2024-11-03 00:00:00","2024-11-05 04:47:51"
"128","47","1416",NULL,"16","3","0","0","refer","50",NULL,"2024-11-03 00:00:00","2024-11-05 04:47:54"
"129","85","1431",NULL,"15","3","0","3","load","50",NULL,"2024-11-05 04:48:51","2024-11-05 04:48:51"
"130","86","1394",NULL,"1","12","0","12","load","50",NULL,"2024-11-03 00:00:00","2024-11-05 04:49:19"
"131","48","1394",NULL,"1","2","0","0","refer","50",NULL,"2024-11-03 00:00:00","2024-11-05 04:49:22"
"132","87","1411",NULL,"16","28","0","28","load","50",NULL,"2024-11-03 00:00:00","2024-11-05 04:50:05"
"133","49","1411",NULL,"16","4","0","0","refer","50",NULL,"2024-11-03 00:00:00","2024-11-05 04:50:09"
"134","88","1363",NULL,"16","3","0","3","load","50",NULL,"2024-11-03 00:00:00","2024-11-05 04:50:50"
"135","89","1416",NULL,"16","9","0","9","load","50",NULL,"2024-11-03 00:00:00","2024-11-05 04:51:08"
"136","50","1416",NULL,"16","2","0","0","refer","50",NULL,"2024-11-03 00:00:00","2024-11-05 04:51:10"
"137","90","1394",NULL,"16","7","0","7","load","50",NULL,"2024-11-03 00:00:00","2024-11-05 04:51:38"
"138","51","1394",NULL,"16","2","0","0","refer","50",NULL,"2024-11-03 00:00:00","2024-11-05 04:51:40"
"139","91","1394",NULL,"24","7","1","8","load","50",NULL,"2024-11-03 00:00:00","2024-11-05 04:52:08"
"140","52","1394",NULL,"24","2","0","0","refer","50",NULL,"2024-11-03 00:00:00","2024-11-05 04:52:11"
"141","92","1373",NULL,"16","16","0","16","load","50",NULL,"2024-11-03 00:00:00","2024-11-05 04:52:37"
"142","53","1373",NULL,"16","3","0","0","refer","50",NULL,"2024-11-03 00:00:00","2024-11-05 04:52:41"
"143","11","1373","1","16","79","1","-78","redeem","50",NULL,"2024-11-03 00:00:00","2024-11-05 04:53:04"
"144","8","1373",NULL,"16","3","0","0","tip","50",NULL,"2024-11-03 00:00:00","2024-11-05 04:53:08"
"145","93","1358",NULL,"16","3","0","3","load","50",NULL,"2024-11-03 00:00:00","2024-11-05 04:53:46"
"146","94","1418",NULL,"16","7","0","7","load","50",NULL,"2024-11-03 00:00:00","2024-11-05 04:57:28"
"147","54","1418",NULL,"16","2","0","0","refer","50",NULL,"2024-11-03 00:00:00","2024-11-05 04:57:32"
"148","95","1373",NULL,"1","21","1","22","load","50",NULL,"2024-11-03 00:00:00","2024-11-05 04:58:13"
"149","55","1373",NULL,"1","3","0","0","refer","50",NULL,"2024-11-03 00:00:00","2024-11-05 04:58:17"
"150","96","1411",NULL,"16","34","0","34","load","50",NULL,"2024-11-03 00:00:00","2024-11-05 04:58:50"
"151","56","1411",NULL,"16","4","0","0","refer","50",NULL,"2024-11-03 00:00:00","2024-11-05 04:58:58"
"152","97","1394",NULL,"15","12","1","13","load","50",NULL,"2024-11-03 00:00:00","2024-11-05 05:01:04"
"153","57","1394",NULL,"15","2","0","0","refer","50",NULL,"2024-11-03 00:00:00","2024-11-05 05:01:07"
"154","98","1411",NULL,"15","3","1","4","load","50",NULL,"2024-11-03 00:00:00","2024-11-05 05:02:09"
"155","99","1432",NULL,"16","3","0","3","load","50",NULL,"2024-11-03 00:00:00","2024-11-05 05:02:28"
"156","12","1373","1","1","213","1","-212","redeem","50",NULL,"2024-11-03 00:00:00","2024-11-05 05:03:22"
"157","9","1373",NULL,"1","5","0","0","tip","50",NULL,"2024-11-03 00:00:00","2024-11-05 05:03:41"
"158","100","1416",NULL,"16","6","1","7","load","50",NULL,"2024-11-03 00:00:00","2024-11-05 05:04:11"
"159","58","1416",NULL,"16","1","0","0","refer","50",NULL,"2024-11-03 00:00:00","2024-11-05 05:04:16"
"160","101","1381",NULL,"15","15","1","16","load","50",NULL,"2024-11-03 00:00:00","2024-11-05 05:04:46"
"161","59","1381",NULL,"15","5","0","0","refer","50",NULL,"2024-11-03 00:00:00","2024-11-05 05:04:50"
"162","102","1416",NULL,"16","4","1","5","load","50",NULL,"2024-11-03 00:00:00","2024-11-05 05:05:19"
"163","103","1416",NULL,"16","4","1","5","load","50",NULL,"2024-11-03 00:00:00","2024-11-05 05:06:03"
"164","104","1381",NULL,"15","15","1","16","load","50",NULL,"2024-11-03 00:00:00","2024-11-05 05:06:42"
"165","13","1381","1","15","62","1","-61","redeem","50",NULL,"2024-11-03 00:00:00","2024-11-05 05:06:53"
"166","10","1381",NULL,"15","20","0","0","tip","50",NULL,"2024-11-03 00:00:00","2024-11-05 05:06:58"
"167","105","1416",NULL,"15","6","1","7","load","50",NULL,"2024-11-03 00:00:00","2024-11-05 05:08:15"
"168","60","1416",NULL,"15","1","0","0","refer","50",NULL,"2024-11-03 00:00:00","2024-11-05 05:08:17"
"169","14","1416","1","15","25","1","-24","redeem","50",NULL,"2024-11-03 00:00:00","2024-11-05 05:08:31"
"170","106","1432",NULL,"16","6","0","6","load","50",NULL,"2024-11-03 00:00:00","2024-11-05 05:10:13"
"171","107","1416",NULL,"15","5","1","6","load","50",NULL,"2024-11-03 00:00:00","2024-11-05 05:12:25"
"172","61","1416",NULL,"15","1","0","0","refer","50",NULL,"2024-11-03 00:00:00","2024-11-05 05:12:27"
"173","108","1411",NULL,"16","16","1","17","load","50",NULL,"2024-11-03 00:00:00","2024-11-05 05:14:06"
"174","62","1411",NULL,"16","2","0","0","refer","50",NULL,"2024-11-03 00:00:00","2024-11-05 05:14:12"
"175","109","1416",NULL,"15","6","1","7","load","50",NULL,"2024-11-03 00:00:00","2024-11-05 05:14:32"
"176","63","1416",NULL,"15","1","0","0","refer","50",NULL,"2024-11-03 00:00:00","2024-11-05 05:14:34"
"177","15","1411","1","16","93","1","-92","redeem","50",NULL,"2024-11-03 00:00:00","2024-11-05 05:17:42"
"178","11","1411",NULL,"16","4","0","0","tip","50",NULL,"2024-11-03 00:00:00","2024-11-05 05:17:45"
"179","110","1432",NULL,"16","28","0","28","load","50","2024-11-05 05:18:37","2024-11-03 00:00:00","2024-11-05 05:18:37"
"180","16","1432","1","16","28","0","-28","redeem","50",NULL,"2024-11-03 00:00:00","2024-11-05 05:18:53"
"181","12","1432",NULL,"16","3","0","0","tip","50",NULL,"2024-11-03 00:00:00","2024-11-05 05:18:56"
"182","111","1416",NULL,"15","8","1","9","load","50",NULL,"2024-11-03 00:00:00","2024-11-05 05:19:28"
"183","64","1416",NULL,"15","1","0","0","refer","50",NULL,"2024-11-03 00:00:00","2024-11-05 05:19:34"
"184","112","1432",NULL,"16","9","0","9","load","50",NULL,"2024-11-03 00:00:00","2024-11-05 05:20:16"
"185","65","1432",NULL,"16","1","0","0","refer","50",NULL,"2024-11-03 00:00:00","2024-11-05 05:20:17"
"186","113","1432",NULL,"16","7","0","7","load","50",NULL,"2024-11-03 00:00:00","2024-11-05 05:20:33"
"187","66","1432",NULL,"16","1","0","0","refer","50",NULL,"2024-11-03 00:00:00","2024-11-05 05:20:38"
"188","114","1399",NULL,"28","6","0","6","load","50",NULL,"2024-11-03 00:00:00","2024-11-05 05:21:23"
"189","67","1399",NULL,"28","1","0","0","refer","50",NULL,"2024-11-03 00:00:00","2024-11-05 05:21:26"
"190","115","1315",NULL,"15","12","1","13","load","50",NULL,"2024-11-03 00:00:00","2024-11-05 05:22:44"
"191","68","1315",NULL,"15","2","0","0","refer","50",NULL,"2024-11-03 00:00:00","2024-11-05 05:22:46"
"192","116","1411",NULL,"16","12","1","13","load","50",NULL,"2024-11-03 00:00:00","2024-11-05 05:23:17"
"193","117","1414",NULL,"16","3","0","3","load","50",NULL,"2024-11-04 00:00:00","2024-11-05 23:15:52"
"194","118","1383",NULL,"16","3","0","3","load","50",NULL,"2024-11-04 00:00:00","2024-11-05 23:16:10"
"195","119","1432",NULL,"16","6","0","6","load","50",NULL,"2024-11-04 00:00:00","2024-11-05 23:16:41"
"196","69","1432",NULL,"16","1","0","0","refer","50",NULL,"2024-11-04 00:00:00","2024-11-05 23:16:44"
"197","120","1394",NULL,"15","3","1","4","load","50",NULL,"2024-11-04 00:00:00","2024-11-05 23:18:17"
"198","121","1373",NULL,"15","20","1","21","load","50",NULL,"2024-11-04 00:00:00","2024-11-05 23:19:23"
"199","70","1373",NULL,"15","3","0","0","refer","50",NULL,"2024-11-04 00:00:00","2024-11-05 23:19:27"
"200","122","1373",NULL,"1","7","1","8","load","50",NULL,"2024-11-04 00:00:00","2024-11-05 23:19:54"
"201","17","1416","1","15","37","1","-36","redeem","50",NULL,"2024-11-04 00:00:00","2024-11-05 23:20:42"
"202","13","1416",NULL,"15","2","0","0","tip","50",NULL,"2024-11-04 00:00:00","2024-11-05 23:20:45"
"203","123","1416",NULL,"15","4","1","5","load","50",NULL,"2024-11-04 00:00:00","2024-11-05 23:21:00"
"204","71","1416",NULL,"15","4","0","0","refer","50",NULL,"2024-11-04 00:00:00","2024-11-05 23:21:02"
"205","18","1315","1","15","76","1","-75","redeem","50","2024-11-05 23:21:43","2024-11-04 00:00:00","2024-11-05 23:21:43"
"206","19","1315","1","15","75","1","-74","redeem","50",NULL,"2024-11-04 00:00:00","2024-11-05 23:21:56"
"207","20","1315","1","15","75","1","-74","redeem","50",NULL,"2024-11-04 00:00:00","2024-11-05 23:29:15"
"208","124","1315",NULL,"15","12","1","13","load","50",NULL,"2024-11-04 00:00:00","2024-11-05 23:30:23"
"209","125","1431",NULL,"15","6","0","6","load","50",NULL,"2024-11-04 00:00:00","2024-11-05 23:32:58"
"210","72","1431",NULL,"15","1","0","0","refer","50",NULL,"2024-11-04 00:00:00","2024-11-05 23:33:00"
"211","126","1424",NULL,"16","3","0","3","load","50",NULL,"2024-11-04 00:00:00","2024-11-05 23:33:33"
"212","127","1394",NULL,"16","9","1","10","load","50",NULL,"2024-11-04 00:00:00","2024-11-05 23:33:51"
"213","73","1394",NULL,"16","2","0","0","refer","50",NULL,"2024-11-04 00:00:00","2024-11-05 23:33:53"
"214","128","1373",NULL,"16","20","1","21","load","50",NULL,"2024-11-04 00:00:00","2024-11-05 23:34:13"
"215","74","1373",NULL,"16","3","0","0","refer","50",NULL,"2024-11-04 00:00:00","2024-11-05 23:34:16"
"216","129","1416",NULL,"15","7","1","8","load","50",NULL,"2024-11-04 00:00:00","2024-11-05 23:34:36"
"217","75","1416",NULL,"15","2","0","0","refer","50",NULL,"2024-11-04 00:00:00","2024-11-05 23:34:38"
"218","130","1381",NULL,"24","19","1","20","load","50",NULL,"2024-11-04 00:00:00","2024-11-05 23:35:38"
"219","76","1381",NULL,"24","4","0","0","refer","50",NULL,"2024-11-04 00:00:00","2024-11-05 23:35:40"
"220","131","1394",NULL,"15","14","1","15","load","50",NULL,"2024-11-04 00:00:00","2024-11-05 23:36:33"
"221","77","1394",NULL,"15","4","0","0","refer","50",NULL,"2024-11-04 00:00:00","2024-11-05 23:36:35"
"222","21","1394","1","15","60","1","-59","redeem","50",NULL,"2024-11-04 00:00:00","2024-11-05 23:36:49"
"223","132","1336",NULL,"1","3","1","4","load","50",NULL,"2024-11-04 00:00:00","2024-11-05 23:38:24"
"224","133","1432",NULL,"16","3","0","3","load","50",NULL,"2024-11-04 00:00:00","2024-11-05 23:38:49"
"225","134","1373",NULL,"15","18","1","19","load","50",NULL,"2024-11-04 00:00:00","2024-11-05 23:39:07"
"226","78","1373",NULL,"15","3","0","0","refer","50",NULL,"2024-11-04 00:00:00","2024-11-05 23:39:09"
"227","135","1373",NULL,"15","15","1","16","load","50",NULL,"2024-11-04 00:00:00","2024-11-05 23:39:27"
"228","79","1373",NULL,"15","2","0","0","refer","50",NULL,"2024-11-04 00:00:00","2024-11-05 23:39:29"
"229","136","1315",NULL,"1","11","1","12","load","50",NULL,"2024-11-04 00:00:00","2024-11-05 23:40:01"
"230","80","1315",NULL,"1","2","0","0","refer","50",NULL,"2024-11-04 00:00:00","2024-11-05 23:40:03"
"231","137","1360",NULL,"16","6","0","6","load","50",NULL,"2024-11-05 00:00:00","2024-11-05 23:42:08"
"232","138","1394",NULL,"16","6","1","7","load","50",NULL,"2024-11-05 00:00:00","2024-11-05 23:43:12"
"233","139","1394",NULL,"1","4","1","5","load","50",NULL,"2024-11-05 00:00:00","2024-11-05 23:43:33"
"234","81","1394",NULL,"1","1","0","0","refer","50",NULL,"2024-11-05 00:00:00","2024-11-05 23:43:37"
"235","140","1394",NULL,"15","12","1","13","load","50",NULL,"2024-11-05 00:00:00","2024-11-05 23:44:52"
"236","82","1394",NULL,"15","2","0","0","refer","50",NULL,"2024-11-05 00:00:00","2024-11-05 23:44:55"
"237","141","1364",NULL,"16","15","0","15","load","50",NULL,"2024-11-05 00:00:00","2024-11-05 23:45:51"
"238","83","1364",NULL,"16","2","0","0","refer","50",NULL,"2024-11-05 00:00:00","2024-11-05 23:45:53"
"239","142","1411",NULL,"15","3","1","4","load","50",NULL,"2024-11-05 00:00:00","2024-11-05 23:47:50"
"240","143","1394",NULL,"16","6","1","7","load","50",NULL,"2024-11-05 00:00:00","2024-11-05 23:48:24"
"241","84","1394",NULL,"16","1","0","0","refer","50",NULL,"2024-11-05 00:00:00","2024-11-05 23:48:27"
"242","144","1394",NULL,"24","6","1","7","load","50",NULL,"2024-11-05 00:00:00","2024-11-05 23:49:08"
"243","85","1394",NULL,"24","1","0","0","refer","50",NULL,"2024-11-05 00:00:00","2024-11-05 23:49:10"
"244","145","1394",NULL,"24","12","1","13","load","50",NULL,"2024-11-05 00:00:00","2024-11-05 23:49:53"
"245","86","1394",NULL,"24","2","0","0","refer","50",NULL,"2024-11-05 00:00:00","2024-11-05 23:49:55"
"246","146","1416",NULL,"15","6","1","7","load","50",NULL,"2024-11-05 00:00:00","2024-11-05 23:50:11"
"247","87","1416",NULL,"15","1","0","0","refer","50",NULL,"2024-11-05 00:00:00","2024-11-05 23:50:13"
"248","22","1394","1","24","54","1","-53","redeem","50",NULL,"2024-11-05 00:00:00","2024-11-05 23:50:48"
"249","14","1394",NULL,"24","5","0","0","tip","50",NULL,"2024-11-05 00:00:00","2024-11-05 23:50:51"
"250","147","1394",NULL,"24","6","1","7","load","50",NULL,"2024-11-05 00:00:00","2024-11-05 23:51:20"
"251","88","1394",NULL,"24","1","0","0","refer","50",NULL,"2024-11-05 00:00:00","2024-11-05 23:51:22"
"252","148","1394",NULL,"15","12","1","13","load","50",NULL,"2024-11-05 00:00:00","2024-11-05 23:52:04"
"253","89","1394",NULL,"15","2","0","0","refer","50",NULL,"2024-11-05 00:00:00","2024-11-05 23:52:06"
"254","149","1416",NULL,"15","30","1","31","load","50",NULL,"2024-11-05 00:00:00","2024-11-05 23:53:50"
"255","23","1416","1","15","28","1","-27","redeem","50",NULL,"2024-11-05 00:00:00","2024-11-05 23:54:08"
"256","150","1416",NULL,"15","10","1","11","load","50",NULL,"2024-11-05 00:00:00","2024-11-05 23:54:31"
"257","90","1416",NULL,"15","4","0","0","refer","50",NULL,"2024-11-05 00:00:00","2024-11-05 23:54:34"
"258","151","1416",NULL,"15","5","1","6","load","50",NULL,"2024-11-05 00:00:00","2024-11-05 23:54:48"
"259","91","1416",NULL,"15","1","0","0","refer","50",NULL,"2024-11-05 00:00:00","2024-11-05 23:54:50"
"260","24","1394","1","15","64","1","-63","redeem","50",NULL,"2024-11-05 00:00:00","2024-11-05 23:55:19"
"261","152","1416",NULL,"15","8","1","9","load","50",NULL,"2024-11-05 00:00:00","2024-11-05 23:55:34"
"262","92","1416",NULL,"15","2","0","0","refer","50",NULL,"2024-11-05 00:00:00","2024-11-05 23:55:36"
"263","153","1315",NULL,"15","3","1","4","load","50",NULL,"2024-11-05 00:00:00","2024-11-05 23:56:02"
"264","154","1387",NULL,"1","11","0","11","load","50",NULL,"2024-11-05 00:00:00","2024-11-05 23:57:10"
"265","93","1387",NULL,"1","3","0","0","refer","50",NULL,"2024-11-05 00:00:00","2024-11-05 23:57:13"
"266","155","1424",NULL,"16","7","0","7","load","50",NULL,"2024-11-05 00:00:00","2024-11-05 23:57:31"
"267","94","1424",NULL,"16","2","0","0","refer","50",NULL,"2024-11-05 00:00:00","2024-11-05 23:57:34"
"268","156","1416",NULL,"15","6","1","7","load","50",NULL,"2024-11-05 00:00:00","2024-11-07 00:05:53"
"269","95","1416",NULL,"15","2","0","0","refer","50",NULL,"2024-11-05 00:00:00","2024-11-07 00:05:55"
"270","157","1416",NULL,"16","3","1","4","load","50",NULL,"2024-11-05 00:00:00","2024-11-07 00:06:14"
"271","158","1416",NULL,"16","3","1","4","load","50",NULL,"2024-11-05 00:00:00","2024-11-07 00:06:54"
"272","159","1394",NULL,"1","20","1","21","load","50",NULL,"2024-11-05 00:00:00","2024-11-07 00:21:53"
"273","96","1394",NULL,"1","4","0","0","refer","50",NULL,"2024-11-05 00:00:00","2024-11-07 00:21:56"
"274","160","1364",NULL,"2","3","0","3","load","50",NULL,"2024-11-05 00:00:00","2024-11-07 00:23:31"
"275","161","1394",NULL,"16","7","1","8","load","50",NULL,"2024-11-05 00:00:00","2024-11-07 00:29:18"
"276","97","1394",NULL,"16","2","0","0","refer","50",NULL,"2024-11-05 00:00:00","2024-11-07 00:29:20"
"277","162","1394",NULL,"24","18","1","19","load","50",NULL,"2024-11-05 00:00:00","2024-11-07 00:29:47"
"278","98","1394",NULL,"24","3","0","0","refer","50",NULL,"2024-11-05 00:00:00","2024-11-07 00:29:50"
"279","163","1414",NULL,"16","12","0","12","load","50",NULL,"2024-11-05 00:00:00","2024-11-07 00:34:54"
"280","99","1414",NULL,"16","2","0","0","refer","50",NULL,"2024-11-05 00:00:00","2024-11-07 00:34:56"
"281","164","1414",NULL,"16","10","0","10","load","50",NULL,"2024-11-05 00:00:00","2024-11-07 00:35:14"
"282","100","1414",NULL,"16","2","0","0","refer","50",NULL,"2024-11-05 00:00:00","2024-11-07 00:35:48"
"283","165","1373",NULL,"16","14","1","15","load","50",NULL,"2024-11-05 00:00:00","2024-11-07 00:36:18"
"284","101","1373",NULL,"16","2","0","0","refer","50",NULL,"2024-11-05 00:00:00","2024-11-07 00:36:21"
"285","166","1429",NULL,"15","19","0","19","load","50",NULL,"2024-11-05 00:00:00","2024-11-07 00:39:59"
"286","102","1429",NULL,"15","3","0","0","refer","50",NULL,"2024-11-05 00:00:00","2024-11-07 00:40:01"
"287","167","1432",NULL,"16","12","0","12","load","50",NULL,"2024-11-05 00:00:00","2024-11-07 00:42:26"
"288","103","1432",NULL,"16","2","0","0","refer","50",NULL,"2024-11-05 00:00:00","2024-11-07 00:42:29"
"289","168","1383",NULL,"16","3","0","3","load","50",NULL,"2024-11-05 00:00:00","2024-11-07 00:47:41"
"290","169","1432",NULL,"16","3","1","4","load","50",NULL,"2024-11-05 00:00:00","2024-11-07 00:48:46"
"291","170","1429",NULL,"15","12","0","12","load","50",NULL,"2024-11-05 00:00:00","2024-11-07 00:52:01"
"292","104","1429",NULL,"15","2","0","0","refer","50",NULL,"2024-11-05 00:00:00","2024-11-07 00:52:04"
"293","171","1414",NULL,"16","2","0","2","load","50",NULL,"2024-11-05 00:00:00","2024-11-07 00:52:56"
"294","172","1336",NULL,"1","4","1","5","load","50",NULL,"2024-11-05 00:00:00","2024-11-07 00:53:20"
"295","173","1432",NULL,"28","3","1","4","load","50",NULL,"2024-11-05 00:00:00","2024-11-07 00:54:15"
"296","25","1336","1","1","100","1","-99","redeem","50",NULL,"2024-11-05 00:00:00","2024-11-07 00:54:42"
"297","174","1394",NULL,"16","6","1","7","load","50",NULL,"2024-11-05 00:00:00","2024-11-07 00:55:03"
"298","105","1394",NULL,"16","1","0","0","refer","50",NULL,"2024-11-05 00:00:00","2024-11-07 00:55:04"
"299","175","1394",NULL,"1","12","1","13","load","50",NULL,"2024-11-05 00:00:00","2024-11-07 00:55:26"
"300","106","1394",NULL,"1","2","0","0","refer","50",NULL,"2024-11-05 00:00:00","2024-11-07 00:55:28"
"301","176","1331",NULL,"28","12","0","12","load","50","2024-11-07 00:56:13","2024-11-05 00:00:00","2024-11-07 00:56:13"
"302","107","1331",NULL,"28","2","0","0","refer","50","2024-11-07 00:56:09","2024-11-05 00:00:00","2024-11-07 00:56:09"
"303","177","1331",NULL,"28","6","0","6","load","50",NULL,"2024-11-05 00:00:00","2024-11-07 00:56:25"
"304","108","1331",NULL,"28","1","0","0","refer","50",NULL,"2024-11-05 00:00:00","2024-11-07 00:56:28"
"305","178","1373",NULL,"16","3","1","4","load","50",NULL,"2024-11-05 00:00:00","2024-11-07 00:56:51"
"306","179","1431",NULL,"15","3","0","3","load","50",NULL,"2024-11-05 00:00:00","2024-11-07 00:57:40"
"307","180","1394",NULL,"24","13","1","14","load","50",NULL,"2024-11-05 00:00:00","2024-11-07 00:58:12"
"308","109","1394",NULL,"24","2","0","0","refer","50",NULL,"2024-11-05 00:00:00","2024-11-07 00:58:15"
"309","181","1421",NULL,"28","3","0","3","load","50",NULL,"2024-11-05 00:00:00","2024-11-07 00:59:24"
"310","182","1394",NULL,"16","6","1","7","load","50",NULL,"2024-11-05 00:00:00","2024-11-07 00:59:43"
"311","110","1394",NULL,"16","1","0","0","refer","50",NULL,"2024-11-05 00:00:00","2024-11-07 00:59:45"
"312","183","1394",NULL,"15","9","1","10","load","50",NULL,"2024-11-05 00:00:00","2024-11-07 01:00:03"
"313","184","1394",NULL,"15","1","1","2","load","50",NULL,"2024-11-05 00:00:00","2024-11-07 01:00:05"
"314","111","1394",NULL,"15","1","0","0","refer","50",NULL,"2024-11-05 00:00:00","2024-11-07 01:00:11"
"315","185","1387",NULL,"1","3","0","3","load","50",NULL,"2024-11-05 00:00:00","2024-11-07 01:00:40"
"316","186","1331",NULL,"28","3","0","3","load","50",NULL,"2024-11-05 00:00:00","2024-11-07 01:01:05"
"317","187","1414",NULL,"16","6","0","6","load","50",NULL,"2024-11-05 00:00:00","2024-11-07 01:01:25"
"318","112","1414",NULL,"16","1","0","0","refer","50",NULL,"2024-11-05 00:00:00","2024-11-07 01:01:26"
"319","188","1383",NULL,"16","3","0","3","load","50",NULL,"2024-11-05 00:00:00","2024-11-07 01:01:52"
"320","189","1358",NULL,"15","3","0","3","load","50",NULL,"2024-11-05 00:00:00","2024-11-07 01:02:17"
"321","190","1432",NULL,"16","3","1","4","load","50",NULL,"2024-11-05 00:00:00","2024-11-07 01:02:38"
"322","191","1394",NULL,"16","5","1","6","load","50",NULL,"2024-11-05 00:00:00","2024-11-07 01:03:18"
"323","113","1394",NULL,"16","1","0","0","refer","50",NULL,"2024-11-05 00:00:00","2024-11-07 01:03:21"
"324","192","1381",NULL,"24","20","1","21","load","50",NULL,"2024-11-05 00:00:00","2024-11-07 01:03:56"
"325","114","1381",NULL,"24","3","0","0","refer","50",NULL,"2024-11-05 00:00:00","2024-11-07 01:03:58"
"326","15","1381",NULL,"24","5","0","0","tip","50",NULL,"2024-11-05 00:00:00","2024-11-07 01:04:25"
"327","26","1381","1","24","141","1","-140","redeem","50",NULL,"2024-11-05 00:00:00","2024-11-07 01:04:29"
"328","193","1336",NULL,"1","5","1","6","load","50",NULL,"2024-11-05 00:00:00","2024-11-07 01:04:45"
"329","115","1336",NULL,"1","1","0","0","refer","50",NULL,"2024-11-05 00:00:00","2024-11-07 01:04:47"
"330","194","1363",NULL,"16","6","0","6","load","50",NULL,"2024-11-05 00:00:00","2024-11-07 01:05:15"
"331","116","1363",NULL,"16","1","0","0","refer","50",NULL,"2024-11-05 00:00:00","2024-11-07 01:05:18"
"332","195","1363",NULL,"16","6","0","6","load","50",NULL,"2024-11-05 00:00:00","2024-11-07 01:05:37"
"333","117","1363",NULL,"16","1","0","0","refer","50",NULL,"2024-11-05 00:00:00","2024-11-07 01:05:38"
"334","196","1394",NULL,"15","3","1","4","load","50",NULL,"2024-11-05 00:00:00","2024-11-07 01:05:59"
"335","197","1394",NULL,"24","12","1","13","load","50",NULL,"2024-11-05 00:00:00","2024-11-07 01:06:24"
"336","118","1394",NULL,"24","2","0","0","refer","50",NULL,"2024-11-05 00:00:00","2024-11-07 01:06:27"
"337","198","1416",NULL,"16","5","1","6","load","50",NULL,"2024-11-05 00:00:00","2024-11-07 01:07:24"
"338","119","1416",NULL,"16","1","0","0","refer","50",NULL,"2024-11-05 00:00:00","2024-11-07 01:07:28"
"339","199","1432",NULL,"16","9","1","10","load","50",NULL,"2024-11-05 00:00:00","2024-11-07 01:08:35"
"340","120","1432",NULL,"16","2","0","0","refer","50",NULL,"2024-11-05 00:00:00","2024-11-07 01:08:39"
"341","200","1416",NULL,"16","4","1","5","load","50",NULL,"2024-11-06 00:00:00","2024-11-07 22:27:51"
"342","121","1416",NULL,"16","2","0","0","refer","50",NULL,"2024-11-06 00:00:00","2024-11-07 22:27:54"
"343","201","1414",NULL,"16","6","0","6","load","50",NULL,"2024-11-06 00:00:00","2024-11-07 22:28:25"
"344","122","1414",NULL,"16","1","0","0","refer","50",NULL,"2024-11-06 00:00:00","2024-11-07 22:28:28"
"345","202","1394",NULL,"28","6","1","7","load","50",NULL,"2024-11-06 00:00:00","2024-11-07 22:28:48"
"346","123","1394",NULL,"28","1","0","0","refer","50",NULL,"2024-11-06 00:00:00","2024-11-07 22:28:50"
"347","203","1394",NULL,"24","12","1","13","load","50",NULL,"2024-11-06 00:00:00","2024-11-07 22:29:11"
"348","124","1394",NULL,"24","2","0","0","refer","50",NULL,"2024-11-06 00:00:00","2024-11-07 22:29:15"
"349","204","1364",NULL,"2","17","0","17","load","50",NULL,"2024-11-06 00:00:00","2024-11-07 22:29:51"
"350","125","1364",NULL,"2","7","0","0","refer","50","2024-11-07 22:30:06","2024-11-06 00:00:00","2024-11-07 22:30:06"
"351","126","1364",NULL,"2","5","0","0","refer","50",NULL,"2024-11-06 00:00:00","2024-11-07 22:30:20"
"352","205","1411",NULL,"16","2","1","3","load","50",NULL,"2024-11-06 00:00:00","2024-11-07 22:30:48"
"353","206","1363",NULL,"16","5","0","5","load","50",NULL,"2024-11-06 00:00:00","2024-11-07 22:31:34"
"354","127","1363",NULL,"16","1","0","0","refer","50",NULL,"2024-11-06 00:00:00","2024-11-07 22:31:36"
"355","207","1399",NULL,"28","13","0","13","load","50",NULL,"2024-11-06 00:00:00","2024-11-07 22:34:19"
"356","128","1399",NULL,"28","3","0","0","refer","50",NULL,"2024-11-06 00:00:00","2024-11-07 22:34:21"
"357","208","1361",NULL,"15","5","0","5","load","50",NULL,"2024-11-06 00:00:00","2024-11-07 22:35:21"
"358","27","1399","1","28","50","0","-50","redeem","50",NULL,"2024-11-06 00:00:00","2024-11-07 22:35:51"
"359","16","1399",NULL,"28","5","0","0","tip","50",NULL,"2024-11-06 00:00:00","2024-11-07 22:35:54"
"360","209","1399",NULL,"28","10","0","10","load","50",NULL,"2024-11-06 00:00:00","2024-11-07 22:36:14"
"361","129","1399",NULL,"28","1","0","0","refer","50",NULL,"2024-11-06 00:00:00","2024-11-07 22:36:16"
"362","210","1424",NULL,"16","5","0","5","load","50",NULL,"2024-11-07 22:36:35","2024-11-07 22:36:35"
"363","130","1424",NULL,"16","1","0","0","refer","50",NULL,"2024-11-07 22:36:36","2024-11-07 22:36:36"
"364","211","1416",NULL,"16","6","1","7","load","50",NULL,"2024-11-07 22:36:54","2024-11-07 22:36:54"
"365","131","1416",NULL,"16","1","0","0","refer","50",NULL,"2024-11-07 22:36:55","2024-11-07 22:36:55"
"366","212","1416",NULL,"16","3","1","4","load","50",NULL,"2024-11-06 00:00:00","2024-11-07 22:38:43"
"367","28","1424","1","16","50","0","-50","redeem","50",NULL,"2024-11-06 00:00:00","2024-11-07 22:39:12"
"368","17","1424",NULL,"16","5","0","0","tip","50",NULL,"2024-11-06 00:00:00","2024-11-07 22:39:14"
"369","213","1383",NULL,"16","6","0","6","load","50",NULL,"2024-11-06 00:00:00","2024-11-07 22:39:34"
"370","132","1383",NULL,"16","1","0","0","refer","50",NULL,"2024-11-06 00:00:00","2024-11-07 22:39:36"
"371","214","1383",NULL,"16","3","0","3","load","50",NULL,"2024-11-06 00:00:00","2024-11-07 22:39:55"
"372","215","1421",NULL,"16","3","0","3","load","50",NULL,"2024-11-06 00:00:00","2024-11-07 22:40:45"
"373","216","1416",NULL,"16","2","1","3","load","50",NULL,"2024-11-06 00:00:00","2024-11-07 22:41:03"
"374","29","1383","1","16","35","0","-35","redeem","50",NULL,"2024-11-06 00:00:00","2024-11-07 22:41:39"
"375","217","1416",NULL,"15","3","1","4","load","50",NULL,"2024-11-06 00:00:00","2024-11-07 22:42:14"
"376","218","1362",NULL,"2","13","0","13","load","50",NULL,"2024-11-06 00:00:00","2024-11-07 22:42:48"
"377","133","1362",NULL,"2","3","0","0","refer","50",NULL,"2024-11-06 00:00:00","2024-11-07 22:42:51"
"378","219","1394",NULL,"15","14","1","15","load","50",NULL,"2024-11-06 00:00:00","2024-11-07 22:43:18"
"379","134","1394",NULL,"15","2","0","0","refer","50",NULL,"2024-11-06 00:00:00","2024-11-07 22:43:21"
"380","220","1331",NULL,"28","8","0","8","load","50",NULL,"2024-11-06 00:00:00","2024-11-07 22:43:46"
"381","135","1331",NULL,"28","1","0","0","refer","50",NULL,"2024-11-06 00:00:00","2024-11-07 22:43:48"
"382","221","1416",NULL,"16","6","1","7","load","50",NULL,"2024-11-06 00:00:00","2024-11-07 22:44:05"
"383","136","1416",NULL,"16","1","0","0","refer","50",NULL,"2024-11-06 00:00:00","2024-11-07 22:44:09"
"384","222","1383",NULL,"16","6","0","6","load","50",NULL,"2024-11-06 00:00:00","2024-11-07 22:44:24"
"385","137","1383",NULL,"16","1","0","0","refer","50",NULL,"2024-11-06 00:00:00","2024-11-07 22:44:26"
"386","223","1383",NULL,"28","3","0","3","load","50",NULL,"2024-11-06 00:00:00","2024-11-07 22:45:19"
"387","224","1383",NULL,"28","5","0","5","load","50",NULL,"2024-11-06 00:00:00","2024-11-07 22:45:35"
"388","30","1383","1","28","35","0","-35","redeem","50",NULL,"2024-11-06 00:00:00","2024-11-07 22:45:39"
"389","31","1416","1","15","38","1","-37","redeem","50","2024-11-07 22:46:17","2024-11-06 00:00:00","2024-11-07 22:46:17"
"390","32","1416","1","15","34","1","-33","redeem","50",NULL,"2024-11-06 00:00:00","2024-11-07 22:46:31"
"391","225","1416",NULL,"15","9","1","10","load","50",NULL,"2024-11-06 00:00:00","2024-11-07 22:46:47"
"392","138","1416",NULL,"15","2","0","0","refer","50",NULL,"2024-11-06 00:00:00","2024-11-07 22:46:50"
"393","226","1361",NULL,"16","7","0","7","load","50",NULL,"2024-11-06 00:00:00","2024-11-07 22:47:16"
"394","139","1361",NULL,"16","2","0","0","refer","50",NULL,"2024-11-06 00:00:00","2024-11-07 22:47:18"
"395","227","1416",NULL,"16","3","1","4","load","50",NULL,"2024-11-06 00:00:00","2024-11-07 22:47:42"
"396","228","1416",NULL,"16","6","1","7","load","50",NULL,"2024-11-06 00:00:00","2024-11-07 22:47:58"
"397","140","1416",NULL,"16","1","0","0","refer","50",NULL,"2024-11-06 00:00:00","2024-11-07 22:48:00"
"398","229","1399",NULL,"28","3","0","3","load","50",NULL,"2024-11-06 00:00:00","2024-11-07 22:48:41"
"399","230","1363",NULL,"16","7","0","7","load","50",NULL,"2024-11-06 00:00:00","2024-11-07 22:49:10"
"400","141","1363",NULL,"16","2","0","0","refer","50",NULL,"2024-11-06 00:00:00","2024-11-07 22:49:12"
"401","231","1364",NULL,"2","3","0","3","load","50",NULL,"2024-11-06 00:00:00","2024-11-07 22:49:41"
"402","232","1411",NULL,"16","3","1","4","load","50",NULL,"2024-11-07 22:50:17","2024-11-07 22:50:17"
"403","233","1414",NULL,"16","7","0","7","load","50",NULL,"2024-11-07 22:50:36","2024-11-07 22:50:36"
"404","142","1414",NULL,"16","2","0","0","refer","50",NULL,"2024-11-07 22:50:38","2024-11-07 22:50:38"
"405","234","1394",NULL,"16","7","1","8","load","50",NULL,"2024-11-06 00:00:00","2024-11-07 22:54:24"
"406","143","1394",NULL,"16","1","0","0","refer","50",NULL,"2024-11-06 00:00:00","2024-11-07 22:54:26"
"407","235","1331",NULL,"16","6","0","6","load","50",NULL,"2024-11-06 00:00:00","2024-11-07 22:55:24"
"408","144","1331",NULL,"16","1","0","0","refer","50",NULL,"2024-11-06 00:00:00","2024-11-07 22:55:27"
"409","236","1331",NULL,"28","3","0","3","load","50",NULL,"2024-11-06 00:00:00","2024-11-07 22:55:46"
"410","237","1330",NULL,"24","23","0","23","load","50",NULL,"2024-11-06 00:00:00","2024-11-07 22:56:48"
"411","145","1330",NULL,"24","3","0","0","refer","50",NULL,"2024-11-06 00:00:00","2024-11-07 22:56:50"
"412","238","1423",NULL,"16","12","0","12","load","50",NULL,"2024-11-06 00:00:00","2024-11-07 22:57:29"
"413","146","1423",NULL,"16","2","0","0","refer","50",NULL,"2024-11-06 00:00:00","2024-11-07 22:57:31"
"414","239","1414",NULL,"16","3","0","3","load","50",NULL,"2024-11-06 00:00:00","2024-11-07 22:57:55"
"415","240","1381",NULL,"15","17","1","18","load","50",NULL,"2024-11-07 00:00:00","2024-11-07 22:58:56"
"416","147","1381",NULL,"15","2","0","0","refer","50",NULL,"2024-11-07 00:00:00","2024-11-07 22:58:58"
"417","241","1416",NULL,"15","6","1","7","load","50",NULL,"2024-11-07 00:00:00","2024-11-07 22:59:15"
"418","148","1416",NULL,"15","1","0","0","refer","50",NULL,"2024-11-07 00:00:00","2024-11-07 22:59:17"
"419","242","1394",NULL,"15","7","1","8","load","50",NULL,"2024-11-07 00:00:00","2024-11-07 22:59:32"
"420","149","1394",NULL,"15","1","0","0","refer","50",NULL,"2024-11-07 00:00:00","2024-11-07 22:59:34"
"421","243","1383",NULL,"16","6","0","6","load","50",NULL,"2024-11-07 00:00:00","2024-11-07 22:59:59"
"422","150","1383",NULL,"16","1","0","0","refer","50",NULL,"2024-11-07 00:00:00","2024-11-07 23:00:00"
"423","244","1383",NULL,"28","3","1","4","load","50",NULL,"2024-11-07 23:11:17","2024-11-07 23:11:17"
"424","245","1383",NULL,"28","3","1","4","load","50",NULL,"2024-11-07 00:00:00","2024-11-08 03:30:35"
"425","246","1394",NULL,"16","8","1","9","load","50",NULL,"2024-11-07 00:00:00","2024-11-08 03:33:26"
"426","151","1394",NULL,"16","2","0","0","refer","50",NULL,"2024-11-07 00:00:00","2024-11-08 03:33:34"
"427","33","1423","1","16","42","0","-42","redeem","50",NULL,"2024-11-07 00:00:00","2024-11-08 03:34:12"
"428","18","1423",NULL,"16","5","0","0","tip","50",NULL,"2024-11-07 00:00:00","2024-11-08 03:34:16"
"429","247","1416",NULL,"15","3","1","4","load","50",NULL,"2024-11-07 00:00:00","2024-11-08 03:34:38"
"430","248","1394",NULL,"24","7","1","8","load","50",NULL,"2024-11-07 00:00:00","2024-11-08 03:35:05"
"431","152","1394",NULL,"24","2","0","0","refer","50",NULL,"2024-11-07 00:00:00","2024-11-08 03:35:07"
"432","249","1423",NULL,"1","11","0","11","load","50",NULL,"2024-11-07 00:00:00","2024-11-08 03:35:53"
"433","153","1423",NULL,"1","1","0","0","refer","50",NULL,"2024-11-07 00:00:00","2024-11-08 03:35:55"
"434","250","1394",NULL,"15","7","1","8","load","50",NULL,"2024-11-07 00:00:00","2024-11-08 03:36:24"
"435","154","1394",NULL,"15","2","0","0","refer","50",NULL,"2024-11-07 00:00:00","2024-11-08 03:36:26"
"436","251","1414",NULL,"16","3","0","3","load","50",NULL,"2024-11-07 00:00:00","2024-11-08 03:41:37"
"437","252","1414",NULL,"16","7","0","7","load","50",NULL,"2024-11-07 00:00:00","2024-11-08 03:41:56"
"438","34","1414","1","16","37","0","-37","redeem","50",NULL,"2024-11-07 00:00:00","2024-11-08 03:41:59"
"439","253","1381",NULL,"24","15","1","16","load","50",NULL,"2024-11-07 00:00:00","2024-11-08 03:42:51"
"440","155","1381",NULL,"24","4","0","0","refer","50",NULL,"2024-11-07 00:00:00","2024-11-08 03:42:53"
"441","254","1423",NULL,"15","11","0","11","load","50",NULL,"2024-11-07 00:00:00","2024-11-08 03:43:57"
"442","156","1423",NULL,"15","1","0","0","refer","50",NULL,"2024-11-07 00:00:00","2024-11-08 03:44:00"
"443","255","1394",NULL,"16","7","1","8","load","50",NULL,"2024-11-07 00:00:00","2024-11-08 03:44:34"
"444","157","1394",NULL,"16","2","0","0","refer","50",NULL,"2024-11-07 00:00:00","2024-11-08 03:44:35"
"445","256","1383",NULL,"28","3","1","4","load","50",NULL,"2024-11-07 00:00:00","2024-11-08 03:44:56"
"446","257","1416",NULL,"15","12","1","13","load","50",NULL,"2024-11-07 00:00:00","2024-11-08 03:45:18"
"447","158","1416",NULL,"15","2","0","0","refer","50",NULL,"2024-11-07 00:00:00","2024-11-08 03:45:20"
"448","258","1362",NULL,"2","12","0","12","load","50",NULL,"2024-11-07 00:00:00","2024-11-08 03:45:45"
"449","159","1362",NULL,"2","3","0","0","refer","50",NULL,"2024-11-07 00:00:00","2024-11-08 03:45:47"
"450","259","1394",NULL,"15","14","1","15","load","50",NULL,"2024-11-07 00:00:00","2024-11-08 03:46:38"
"451","160","1394",NULL,"15","2","0","0","refer","50",NULL,"2024-11-07 00:00:00","2024-11-08 03:46:41"
"452","260","1394",NULL,"28","5","1","6","load","50",NULL,"2024-11-07 00:00:00","2024-11-08 03:48:16"
"453","161","1394",NULL,"28","1","0","0","refer","50",NULL,"2024-11-07 00:00:00","2024-11-08 03:48:18"
"454","261","1414",NULL,"16","7","0","7","load","50",NULL,"2024-11-07 00:00:00","2024-11-08 03:48:46"
"455","162","1414",NULL,"16","2","0","0","refer","50",NULL,"2024-11-07 00:00:00","2024-11-08 03:48:48"
"456","262","1414",NULL,"16","5","1","6","load","50",NULL,"2024-11-07 00:00:00","2024-11-08 03:49:05"
"457","163","1414",NULL,"16","1","0","0","refer","50",NULL,"2024-11-07 00:00:00","2024-11-08 03:49:06"
"458","263","1361",NULL,"24","4","0","4","load","50",NULL,"2024-11-07 00:00:00","2024-11-08 03:49:53"
"459","264","1423",NULL,"16","12","0","12","load","50",NULL,"2024-11-07 00:00:00","2024-11-08 03:50:09"
"460","164","1423",NULL,"16","2","0","0","refer","50",NULL,"2024-11-07 00:00:00","2024-11-08 03:50:11"
"461","265","1421",NULL,"28","10","0","10","load","50",NULL,"2024-11-10 10:08:48","2024-11-10 10:08:48"
"462","165","1421",NULL,"28","2","0","0","refer","50",NULL,"2024-11-10 10:08:51","2024-11-10 10:08:51"
"463","266","1421",NULL,"16","10","0","10","load","50",NULL,"2024-11-10 10:09:16","2024-11-10 10:09:16"
"464","166","1421",NULL,"16","2","0","0","refer","50",NULL,"2024-11-10 10:09:17","2024-11-10 10:09:17"
"465","35","1361","1","24","20","0","-20","redeem","50",NULL,"2024-11-10 10:09:52","2024-11-10 10:09:52"
"466","267","1361",NULL,"16","7","0","7","load","50",NULL,"2024-11-10 10:11:34","2024-11-10 10:11:34"
"467","268","1429",NULL,"2","3","0","3","load","50",NULL,"2024-11-10 10:12:38","2024-11-10 10:12:38"
"468","36","1421","1","16","40","0","-40","redeem","50",NULL,"2024-11-10 10:13:00","2024-11-10 10:13:00"
"469","19","1421",NULL,"16","3","0","0","tip","50",NULL,"2024-11-10 10:13:02","2024-11-10 10:13:02"
"470","20","1421",NULL,"16","2","0","0","tip","50",NULL,"2024-11-10 10:13:06","2024-11-10 10:13:06"
"471","269","1394",NULL,"16","5","1","6","load","50",NULL,"2024-11-10 10:13:26","2024-11-10 10:13:26"
"472","167","1394",NULL,"16","1","0","0","refer","50",NULL,"2024-11-10 10:13:29","2024-11-10 10:13:29"
"473","270","1432",NULL,"16","12","1","13","load","50",NULL,"2024-11-10 10:17:30","2024-11-10 10:17:31"
"474","168","1432",NULL,"16","2","0","0","refer","50",NULL,"2024-11-10 10:17:32","2024-11-10 10:17:32"
"475","271","1394",NULL,"16","8","1","9","load","50",NULL,"2024-11-10 10:17:49","2024-11-10 10:17:49"
"476","169","1394",NULL,"16","7","0","0","refer","50",NULL,"2024-11-10 10:17:51","2024-11-10 10:17:51"
"477","272","1421",NULL,"28","9","0","9","load","50",NULL,"2024-11-10 10:18:19","2024-11-10 10:18:19"
"478","170","1421",NULL,"28","1","0","0","refer","50",NULL,"2024-11-10 10:18:21","2024-11-10 10:18:21"
"479","273","1361",NULL,"15","3","0","3","load","50",NULL,"2024-11-10 10:18:44","2024-11-10 10:18:44"
"480","274","1394",NULL,"1","3","1","4","load","50",NULL,"2024-11-10 10:19:01","2024-11-10 10:19:01"
"481","275","1416",NULL,"16","3","1","4","load","50",NULL,"2024-11-10 10:19:23","2024-11-10 10:19:23"
"482","276","1373",NULL,"16","24","1","25","load","50",NULL,"2024-11-10 10:19:55","2024-11-10 10:19:55"
"483","171","1373",NULL,"16","4","0","0","refer","50",NULL,"2024-11-10 10:19:59","2024-11-10 10:19:59"
"484","277","1432",NULL,"16","5","1","6","load","50",NULL,"2024-11-10 10:20:36","2024-11-10 10:20:36"
"485","172","1432",NULL,"16","1","0","0","refer","50",NULL,"2024-11-10 10:20:38","2024-11-10 10:20:38"
"486","278","1414",NULL,"16","9","1","10","load","50",NULL,"2024-11-10 10:20:54","2024-11-10 10:20:54"
"487","173","1414",NULL,"16","2","0","0","refer","50",NULL,"2024-11-10 10:20:56","2024-11-10 10:20:56"
"488","279","1383",NULL,"28","3","1","4","load","50",NULL,"2024-11-10 10:21:24","2024-11-10 10:21:24"
"489","37","1414","1","16","53","1","-52","redeem","50",NULL,"2024-11-10 10:26:27","2024-11-10 10:26:27"
"490","280","1394",NULL,"16","5","1","6","load","50",NULL,"2024-11-10 10:27:06","2024-11-10 10:27:06"
"491","174","1394",NULL,"16","1","0","0","refer","50",NULL,"2024-11-10 10:27:09","2024-11-10 10:27:09"
"492","281","1421",NULL,"16","5","0","5","load","50",NULL,"2024-11-10 10:27:25","2024-11-10 10:27:25"
"493","175","1421",NULL,"16","1","0","0","refer","50",NULL,"2024-11-10 10:27:33","2024-11-10 10:27:33"
"494","38","1394","1","16","27","1","-26","redeem","50",NULL,"2024-11-10 10:28:09","2024-11-10 10:28:09"
"495","282","1394",NULL,"16","6","1","7","load","50","2024-11-10 10:28:47","2024-11-10 10:28:24","2024-11-10 10:28:47"
"496","176","1394",NULL,"16","1","0","0","refer","50","2024-11-10 10:28:45","2024-11-10 10:28:26","2024-11-10 10:28:45"
"497","283","1394",NULL,"16","10","1","11","load","50",NULL,"2024-11-10 10:29:04","2024-11-10 10:29:04"
"498","177","1394",NULL,"16","1","0","0","refer","50",NULL,"2024-11-10 10:29:18","2024-11-10 10:29:18"
"499","284","1432",NULL,"16","7","1","8","load","50",NULL,"2024-11-10 10:29:32","2024-11-10 10:29:32"
"500","178","1432",NULL,"16","1","0","0","refer","50",NULL,"2024-11-10 10:29:34","2024-11-10 10:29:34"
"501","39","1373","1","16","153","1","-152","redeem","50",NULL,"2024-11-10 10:30:06","2024-11-10 10:30:06"
"502","21","1373",NULL,"16","4","0","0","tip","50",NULL,"2024-11-10 10:30:11","2024-11-10 10:30:11"
"503","285","1394",NULL,"16","8","1","9","load","50",NULL,"2024-11-10 10:30:43","2024-11-10 10:30:43"
"504","179","1394",NULL,"16","1","0","0","refer","50",NULL,"2024-11-10 10:30:44","2024-11-10 10:30:44"
"505","286","1394",NULL,"16","11","1","12","load","50",NULL,"2024-11-10 10:30:58","2024-11-10 10:30:58"
"506","180","1394",NULL,"16","1","0","0","refer","50",NULL,"2024-11-10 10:31:00","2024-11-10 10:31:00"
"507","287","1421",NULL,"28","6","0","6","load","50",NULL,"2024-11-10 10:31:22","2024-11-10 10:31:22"
"508","181","1421",NULL,"28","1","0","0","refer","50",NULL,"2024-11-10 10:31:26","2024-11-10 10:31:26"
"509","288","1373",NULL,"15","23","1","24","load","50",NULL,"2024-11-10 10:31:47","2024-11-10 10:31:47"
"510","182","1373",NULL,"15","3","0","0","refer","50",NULL,"2024-11-10 10:31:48","2024-11-10 10:31:48"
"511","289","1394",NULL,"16","6","1","7","load","50",NULL,"2024-11-10 10:32:13","2024-11-10 10:32:13"
"512","183","1394",NULL,"16","1","0","0","refer","50",NULL,"2024-11-10 10:32:14","2024-11-10 10:32:14"
"513","290","1383",NULL,"16","3","1","4","load","50",NULL,"2024-11-10 10:32:29","2024-11-10 10:32:29"
"514","291","1432",NULL,"15","7","1","8","load","50",NULL,"2024-11-10 10:34:17","2024-11-10 10:34:17"
"515","184","1432",NULL,"15","1","0","0","refer","50",NULL,"2024-11-10 10:34:18","2024-11-10 10:34:18"
"516","292","1416",NULL,"16","3","1","4","load","50",NULL,"2024-11-10 10:34:58","2024-11-10 10:34:58"
"517","293","1383",NULL,"28","6","1","7","load","50",NULL,"2024-11-10 10:35:19","2024-11-10 10:35:19"
"518","185","1383",NULL,"28","1","0","0","refer","50",NULL,"2024-11-10 10:35:21","2024-11-10 10:35:21"
"519","294","1383",NULL,"28","3","1","4","load","50",NULL,"2024-11-10 10:35:37","2024-11-10 10:35:37"
"520","295","1383",NULL,"28","3","1","4","load","50",NULL,"2024-11-11 10:01:23","2024-11-11 10:01:23"
"521","296","1411",NULL,"15","3","1","4","load","50",NULL,"2024-11-11 10:05:40","2024-11-11 10:05:40"
"522","297","1416",NULL,"16","3","1","4","load","50",NULL,"2024-11-11 10:06:15","2024-11-11 10:06:15"
"523","298","1383",NULL,"28","2","1","3","load","50",NULL,"2024-11-11 10:06:29","2024-11-11 10:06:29"
"524","299","1416",NULL,"15","6","1","7","load","50",NULL,"2024-11-11 10:06:49","2024-11-11 10:06:49"
"525","186","1416",NULL,"15","1","0","0","refer","50",NULL,"2024-11-11 10:06:51","2024-11-11 10:06:51"
"526","300","1421",NULL,"16","5","0","5","load","50",NULL,"2024-11-11 10:07:32","2024-11-11 10:07:32"
"527","187","1421",NULL,"16","1","0","0","refer","50",NULL,"2024-11-11 10:07:34","2024-11-11 10:07:34"
"528","301","1394",NULL,"16","13","1","14","load","50",NULL,"2024-11-11 10:08:02","2024-11-11 10:08:02"
"529","188","1394",NULL,"16","3","0","0","refer","50",NULL,"2024-11-11 10:08:05","2024-11-11 10:08:05"
"530","302","1394",NULL,"15","10","1","11","load","50",NULL,"2024-11-11 10:08:30","2024-11-11 10:08:30"
"531","303","1394",NULL,"15","2","1","3","load","50",NULL,"2024-11-11 10:08:44","2024-11-11 10:08:44"
"532","189","1394",NULL,"15","2","0","0","refer","50",NULL,"2024-11-11 10:08:49","2024-11-11 10:08:49"
"533","304","1432",NULL,"15","2","1","3","load","50",NULL,"2024-11-11 10:09:21","2024-11-11 10:09:21"
"534","305","1394",NULL,"24","5","1","6","load","50",NULL,"2024-11-11 10:16:36","2024-11-11 10:16:36"
"535","306","1394",NULL,"1","12","1","13","load","50",NULL,"2024-11-11 10:17:19","2024-11-11 10:17:19"
"536","190","1394",NULL,"1","2","0","0","refer","50",NULL,"2024-11-11 10:17:20","2024-11-11 10:17:20"
"537","307","1394",NULL,"1","15","1","16","load","50",NULL,"2024-11-11 10:17:33","2024-11-11 10:17:33"
"538","191","1394",NULL,"1","2","0","0","refer","50",NULL,"2024-11-11 10:17:35","2024-11-11 10:17:35"
"539","308","1373",NULL,"1","22","1","23","load","50",NULL,"2024-11-11 10:18:06","2024-11-11 10:18:06"
"540","192","1373",NULL,"1","2","0","0","refer","50",NULL,"2024-11-11 10:18:08","2024-11-11 10:18:08"
"541","40","1394","1","1","116","1","-115","redeem","50",NULL,"2024-11-11 10:18:43","2024-11-11 10:18:43"
"542","309","1394",NULL,"15","12","1","13","load","50",NULL,"2024-11-11 10:19:13","2024-11-11 10:19:13"
"543","193","1394",NULL,"15","2","0","0","refer","50",NULL,"2024-11-11 10:19:16","2024-11-11 10:19:16"
"544","310","1394",NULL,"1","15","1","16","load","50",NULL,"2024-11-11 10:20:01","2024-11-11 10:20:01"
"545","194","1394",NULL,"1","2","0","0","refer","50",NULL,"2024-11-11 10:20:04","2024-11-11 10:20:04"
"546","311","1394",NULL,"1","2","1","3","load","50",NULL,"2024-11-11 10:20:25","2024-11-11 10:20:25"
"547","312","1330",NULL,"24","3","0","3","load","50",NULL,"2024-11-11 10:20:48","2024-11-11 10:20:48"
"548","313","1394",NULL,"16","6","1","7","load","50",NULL,"2024-11-11 10:21:14","2024-11-11 10:21:14"
"549","195","1394",NULL,"16","1","0","0","refer","50",NULL,"2024-11-11 10:21:16","2024-11-11 10:21:16"
"550","314","1383",NULL,"16","6","1","7","load","50",NULL,"2024-11-11 10:21:42","2024-11-11 10:21:42"
"551","196","1383",NULL,"16","1","0","0","refer","50",NULL,"2024-11-11 10:21:44","2024-11-11 10:21:44"
"552","315","1383",NULL,"28","3","1","4","load","50",NULL,"2024-11-11 10:22:09","2024-11-11 10:22:09"
"553","316","1394",NULL,"28","12","1","13","load","50",NULL,"2024-11-11 10:22:24","2024-11-11 10:22:24"
"554","197","1394",NULL,"28","2","0","0","refer","50",NULL,"2024-11-11 10:22:26","2024-11-11 10:22:26"
"555","317","1416",NULL,"16","3","1","4","load","50",NULL,"2024-11-11 10:22:47","2024-11-11 10:22:47"
"556","318","1394",NULL,"1","18","1","19","load","50",NULL,"2024-11-12 08:59:38","2024-11-12 08:59:38"
"557","198","1394",NULL,"1","5","0","0","refer","50",NULL,"2024-11-12 08:59:42","2024-11-12 08:59:42"
"558","319","1416",NULL,"16","8","1","9","load","50",NULL,"2024-11-12 09:00:01","2024-11-12 09:00:01"
"559","199","1416",NULL,"16","1","0","0","refer","50",NULL,"2024-11-12 09:00:03","2024-11-12 09:00:03"
"560","320","1394",NULL,"16","3","1","4","load","50",NULL,"2024-11-12 09:00:19","2024-11-12 09:00:19"
"561","321","1383",NULL,"16","12","1","13","load","50",NULL,"2024-11-12 09:01:08","2024-11-12 09:01:08"
"562","200","1383",NULL,"16","2","0","0","refer","50",NULL,"2024-11-12 09:01:12","2024-11-12 09:01:12"
"563","322","1421",NULL,"16","3","1","4","load","50",NULL,"2024-11-12 09:01:26","2024-11-12 09:01:26"
"564","323","1383",NULL,"28","3","1","4","load","50",NULL,"2024-11-12 09:01:41","2024-11-12 09:01:41"
"565","324","1394",NULL,"15","14","1","15","load","50",NULL,"2024-11-12 09:02:35","2024-11-12 09:02:35"
"566","201","1394",NULL,"15","2","0","0","refer","50",NULL,"2024-11-12 09:02:36","2024-11-12 09:02:36"
"567","325","1394",NULL,"16","9","1","10","load","50",NULL,"2024-11-12 09:03:00","2024-11-12 09:03:00"
"568","202","1394",NULL,"16","2","0","0","refer","50",NULL,"2024-11-12 09:03:01","2024-11-12 09:03:01"
"569","326","1411",NULL,"15","18","1","19","load","50",NULL,"2024-11-12 09:03:36","2024-11-12 09:03:36"
"570","327","1387",NULL,"15","2","0","2","load","50",NULL,"2024-11-12 09:04:32","2024-11-12 09:04:32"
"571","328","1434",NULL,"16","2","0","2","load","50",NULL,"2024-11-12 09:05:00","2024-11-12 09:05:00"
"572","329","1373",NULL,"15","15","1","16","load","50",NULL,"2024-11-12 09:05:17","2024-11-12 09:05:17"
"573","330","1373",NULL,"15","2","1","3","load","50",NULL,"2024-11-12 09:05:22","2024-11-12 09:05:22"
"574","203","1373",NULL,"15","2","0","0","refer","50",NULL,"2024-11-12 09:05:24","2024-11-12 09:05:24"
"575","331","1416",NULL,"16","8","1","9","load","50",NULL,"2024-11-12 09:05:45","2024-11-12 09:05:45"
"576","204","1416",NULL,"16","2","0","0","refer","50",NULL,"2024-11-12 09:05:48","2024-11-12 09:05:48"
"577","332","1416",NULL,"16","6","1","7","load","50",NULL,"2024-11-12 09:08:55","2024-11-12 09:08:55"
"578","205","1416",NULL,"16","1","0","0","refer","50",NULL,"2024-11-12 09:08:57","2024-11-12 09:08:57"
"579","333","1416",NULL,"15","7","1","8","load","50",NULL,"2024-11-12 09:09:38","2024-11-12 09:09:38"
"580","206","1416",NULL,"15","2","0","0","refer","50",NULL,"2024-11-12 09:09:40","2024-11-12 09:09:40"
"581","334","1383",NULL,"28","3","1","4","load","50",NULL,"2024-11-12 09:09:57","2024-11-12 09:09:57"
"582","335","1383",NULL,"28","7","1","8","load","50",NULL,"2024-11-12 09:10:07","2024-11-12 09:10:07"
"583","207","1383",NULL,"28","1","0","0","refer","50",NULL,"2024-11-12 09:10:09","2024-11-12 09:10:09"
"584","336","1383",NULL,"16","3","1","4","load","50",NULL,"2024-11-12 09:10:53","2024-11-12 09:10:53"
"585","337","1383",NULL,"16","7","1","8","load","50",NULL,"2024-11-12 09:11:10","2024-11-12 09:11:10"
"586","41","1383","1","16","35","1","-34","redeem","50",NULL,"2024-11-12 09:11:13","2024-11-12 09:11:13"
"587","208","1416",NULL,"15","1","0","0","refer","50",NULL,"2024-11-12 09:11:34","2024-11-12 09:11:34"
"588","338","1416",NULL,"15","8","1","9","load","50",NULL,"2024-11-12 09:11:37","2024-11-12 09:11:37"
"589","339","1421",NULL,"16","7","1","8","load","50",NULL,"2024-11-12 09:12:19","2024-11-12 09:12:19"
"590","209","1421",NULL,"16","2","0","0","refer","50",NULL,"2024-11-12 09:12:20","2024-11-12 09:12:20"
"591","340","1383",NULL,"28","2","1","3","load","50",NULL,"2024-11-12 09:12:47","2024-11-12 09:12:47"
"592","341","1421",NULL,"28","8","1","9","load","50",NULL,"2024-11-12 09:13:07","2024-11-12 09:13:07"
"593","210","1421",NULL,"28","3","0","0","refer","50",NULL,"2024-11-12 09:13:09","2024-11-12 09:13:09"
"594","342","1359",NULL,"1","5","0","5","load","50",NULL,"2024-11-12 09:14:57","2024-11-12 09:14:57"
"595","343","1416",NULL,"16","3","1","4","load","50",NULL,"2024-11-12 09:15:47","2024-11-12 09:15:47"
"596","344","1373",NULL,"16","14","1","15","load","50",NULL,"2024-11-12 09:16:01","2024-11-12 09:16:01"
"597","211","1373",NULL,"16","2","0","0","refer","50",NULL,"2024-11-12 09:16:02","2024-11-12 09:16:02"
"598","345","1432",NULL,"16","3","1","4","load","50",NULL,"2024-11-12 09:17:46","2024-11-12 09:17:46"
"599","346","1399",NULL,"28","3","0","3","load","50",NULL,"2024-11-12 09:18:05","2024-11-12 09:18:05"
"600","347","1421",NULL,"16","7","1","8","load","50",NULL,"2024-11-12 09:18:24","2024-11-12 09:18:24"
"601","212","1421",NULL,"16","2","0","0","refer","50",NULL,"2024-11-12 09:18:25","2024-11-12 09:18:25"
"602","348","1373",NULL,"16","15","1","16","load","50",NULL,"2024-11-12 09:18:41","2024-11-12 09:18:41"
"603","213","1373",NULL,"16","2","0","0","refer","50",NULL,"2024-11-12 09:18:43","2024-11-12 09:18:43"
"604","349","1394",NULL,"15","19","1","20","load","50",NULL,"2024-11-12 09:19:10","2024-11-12 09:19:10"
"605","350","1315",NULL,"15","7","1","8","load","50",NULL,"2024-11-12 09:19:58","2024-11-12 09:19:58"
"606","214","1315",NULL,"15","2","0","0","refer","50",NULL,"2024-11-12 09:19:59","2024-11-12 09:19:59"
"607","351","1315",NULL,"1","3","1","4","load","50",NULL,"2024-11-13 09:03:55","2024-11-13 09:03:55"
"608","352","1414",NULL,"16","3","1","4","load","50",NULL,"2024-11-13 09:04:20","2024-11-13 09:04:20"
"609","353","1373",NULL,"1","12","1","13","load","50",NULL,"2024-11-13 09:04:42","2024-11-13 09:04:42"
"610","215","1373",NULL,"1","2","0","0","refer","50",NULL,"2024-11-13 09:04:43","2024-11-13 09:04:43"
"611","354","1416",NULL,"16","4","1","5","load","50",NULL,"2024-11-11 00:00:00","2024-11-13 09:07:17"
"612","355","1383",NULL,"16","6","1","7","load","50",NULL,"2024-11-11 00:00:00","2024-11-13 09:07:31"
"613","216","1383",NULL,"16","1","0","0","refer","50",NULL,"2024-11-11 00:00:00","2024-11-13 09:07:33"
"614","356","1416",NULL,"16","24","1","25","load","50","2024-11-13 09:08:28","2024-11-11 00:00:00","2024-11-13 09:08:28"
"615","42","1416","1","16","24","1","-23","redeem","50",NULL,"2024-11-11 00:00:00","2024-11-13 09:08:44"
"616","357","1416",NULL,"16","6","1","7","load","50",NULL,"2024-11-11 00:00:00","2024-11-13 09:08:52"
"617","358","1421",NULL,"16","5","1","6","load","50",NULL,"2024-11-11 00:00:00","2024-11-13 09:09:18"
"618","217","1421",NULL,"16","1","0","0","refer","50",NULL,"2024-11-11 00:00:00","2024-11-13 09:09:20"
"619","359","1350",NULL,"24","3","0","3","load","50",NULL,"2024-11-11 00:00:00","2024-11-13 09:10:09"
"620","360","1434",NULL,"24","3","0","3","load","50",NULL,"2024-11-11 00:00:00","2024-11-13 09:11:38"
"621","43","1373","1","1","100","1","-99","redeem","50",NULL,"2024-11-11 00:00:00","2024-11-13 09:11:59"
"622","22","1373",NULL,"1","3","0","0","tip","50",NULL,"2024-11-11 00:00:00","2024-11-13 09:12:01"
"623","361","1435",NULL,"2","3","0","3","load","50",NULL,"2024-11-11 00:00:00","2024-11-13 09:12:51"
"624","362","1394",NULL,"16","9","1","10","load","50",NULL,"2024-11-11 00:00:00","2024-11-13 09:13:45"
"625","218","1394",NULL,"16","2","0","0","refer","50",NULL,"2024-11-11 00:00:00","2024-11-13 09:13:47"
"626","363","1383",NULL,"28","3","1","4","load","50",NULL,"2024-11-11 00:00:00","2024-11-13 09:14:21"
"627","364","1432",NULL,"28","3","1","4","load","50",NULL,"2024-11-11 00:00:00","2024-11-13 09:14:33"
"628","365","1423",NULL,"1","3","0","3","load","50",NULL,"2024-11-11 00:00:00","2024-11-13 09:15:08"
"629","366","1394",NULL,"1","3","1","4","load","50",NULL,"2024-11-11 00:00:00","2024-11-13 09:15:57"
"630","367","1333",NULL,"15","3","1","4","load","50",NULL,"2024-11-11 00:00:00","2024-11-13 09:17:53"
"631","368","1421",NULL,"16","9","1","10","load","50",NULL,"2024-11-11 00:00:00","2024-11-13 09:18:12"
"632","219","1421",NULL,"16","2","0","0","refer","50",NULL,"2024-11-11 00:00:00","2024-11-13 09:18:13"
"633","369","1421",NULL,"28","7","1","8","load","50",NULL,"2024-11-11 00:00:00","2024-11-13 09:18:55"
"634","220","1421",NULL,"28","2","0","0","refer","50",NULL,"2024-11-11 00:00:00","2024-11-13 09:18:59"
"635","370","1414",NULL,"16","3","1","4","load","50",NULL,"2024-11-11 00:00:00","2024-11-13 09:19:20"
"636","371","1373",NULL,"1","19","1","20","load","50",NULL,"2024-11-11 00:00:00","2024-11-13 09:19:49"
"637","221","1373",NULL,"1","3","0","0","refer","50",NULL,"2024-11-11 00:00:00","2024-11-13 09:19:52"
"638","372","1364",NULL,"2","19","0","19","load","50",NULL,"2024-11-11 00:00:00","2024-11-13 09:21:23"
"639","222","1364",NULL,"2","3","0","0","refer","50",NULL,"2024-11-11 00:00:00","2024-11-13 09:21:25"
"640","373","1394",NULL,"16","3","1","4","load","50",NULL,"2024-11-11 00:00:00","2024-11-13 09:21:45"
"641","374","1416",NULL,"16","7","1","8","load","50",NULL,"2024-11-11 00:00:00","2024-11-13 09:22:13"
"642","223","1416",NULL,"16","2","0","0","refer","50",NULL,"2024-11-11 00:00:00","2024-11-13 09:22:15"
"643","375","1432",NULL,"16","3","1","4","load","50",NULL,"2024-11-11 00:00:00","2024-11-13 09:22:43"
"644","376","1416",NULL,"16","2","1","3","load","50",NULL,"2024-11-11 00:00:00","2024-11-13 09:23:01"
"645","377","1383",NULL,"16","2","1","3","load","50",NULL,"2024-11-11 00:00:00","2024-11-13 09:23:18"
"646","44","1383","1","16","35","1","-34","redeem","50",NULL,"2024-11-11 00:00:00","2024-11-13 09:23:37"
"647","378","1383",NULL,"16","6","1","7","load","50",NULL,"2024-11-11 00:00:00","2024-11-13 09:23:40"
"648","224","1383",NULL,"16","1","0","0","refer","50",NULL,"2024-11-11 00:00:00","2024-11-13 09:23:43"
"649","379","1394",NULL,"1","9","1","10","load","50",NULL,"2024-11-11 00:00:00","2024-11-13 09:24:11"
"650","225","1394",NULL,"1","2","0","0","refer","50",NULL,"2024-11-11 00:00:00","2024-11-13 09:24:14"
"651","380","1394",NULL,"16","8","1","9","load","50",NULL,"2024-11-11 00:00:00","2024-11-13 09:24:38"
"652","226","1394",NULL,"16","2","0","0","refer","50",NULL,"2024-11-11 00:00:00","2024-11-13 09:24:41"
"653","381","1416",NULL,"16","3","1","4","load","50",NULL,"2024-11-11 00:00:00","2024-11-13 09:25:08"
"654","382","1416",NULL,"16","9","1","10","load","50",NULL,"2024-11-11 00:00:00","2024-11-13 09:25:10"
"655","227","1416",NULL,"16","2","0","0","refer","50",NULL,"2024-11-11 00:00:00","2024-11-13 09:25:12"
"656","45","1373","1","1","92","1","-91","redeem","50",NULL,"2024-11-11 00:00:00","2024-11-13 09:25:50"
"657","23","1373",NULL,"1","2","0","0","tip","50",NULL,"2024-11-11 00:00:00","2024-11-13 09:26:00"
"658","383","1394",NULL,"1","3","1","4","load","50",NULL,"2024-11-11 00:00:00","2024-11-13 09:26:32"
"659","384","1361",NULL,"28","2","0","2","load","50",NULL,"2024-11-11 00:00:00","2024-11-13 09:27:42"
"660","385","1394",NULL,"1","8","1","9","load","50",NULL,"2024-11-11 00:00:00","2024-11-13 09:27:58"
"661","228","1394",NULL,"1","2","0","0","refer","50",NULL,"2024-11-11 00:00:00","2024-11-13 09:28:00"
"662","386","1421",NULL,"28","3","1","4","load","50",NULL,"2024-11-13 09:28:22","2024-11-13 09:28:22"
"663","387","1394",NULL,"24","3","1","4","load","50",NULL,"2024-11-11 00:00:00","2024-11-13 09:28:44"
"664","388","1394",NULL,"24","6","1","7","load","50",NULL,"2024-11-11 00:00:00","2024-11-13 09:28:50"
"665","229","1394",NULL,"24","1","0","0","refer","50",NULL,"2024-11-11 00:00:00","2024-11-13 09:28:52"
"666","389","1394",NULL,"24","6","1","7","load","50",NULL,"2024-11-11 00:00:00","2024-11-13 09:29:09"
"667","230","1394",NULL,"24","1","0","0","refer","50",NULL,"2024-11-11 00:00:00","2024-11-13 09:29:10"
"668","390","1414",NULL,"16","5","1","6","load","50",NULL,"2024-11-11 00:00:00","2024-11-13 09:29:49"
"669","231","1414",NULL,"16","1","0","0","refer","50",NULL,"2024-11-11 00:00:00","2024-11-13 09:29:51"
"670","391","1363",NULL,"16","7","0","7","load","50",NULL,"2024-11-11 00:00:00","2024-11-13 09:30:13"
"671","232","1363",NULL,"16","2","0","0","refer","50",NULL,"2024-11-11 00:00:00","2024-11-13 09:30:15"
"672","392","1399",NULL,"28","3","0","3","load","50",NULL,"2024-11-11 00:00:00","2024-11-13 09:30:36"
"673","393","1394",NULL,"16","7","1","8","load","50",NULL,"2024-11-13 09:31:09","2024-11-13 09:31:09"
"674","233","1394",NULL,"16","2","0","0","refer","50",NULL,"2024-11-13 09:31:11","2024-11-13 09:31:11"
"675","394","1363",NULL,"16","7","0","7","load","50",NULL,"2024-11-13 09:31:27","2024-11-13 09:31:27"
"676","234","1363",NULL,"16","2","0","0","refer","50",NULL,"2024-11-13 09:31:29","2024-11-13 09:31:29"
"677","395","1394",NULL,"1","9","1","10","load","50",NULL,"2024-11-13 09:31:46","2024-11-13 09:31:46"
"678","235","1394",NULL,"1","3","0","0","refer","50",NULL,"2024-11-13 09:31:48","2024-11-13 09:31:48"
"679","46","1394","1","1","38","1","-37","redeem","50",NULL,"2024-11-13 09:32:00","2024-11-13 09:32:00"
"680","396","1363",NULL,"16","28","0","28","load","50",NULL,"2024-11-11 00:00:00","2024-11-13 09:32:43"
"681","236","1363",NULL,"16","2","0","0","refer","50",NULL,"2024-11-11 00:00:00","2024-11-13 09:32:45"
"682","397","1394",NULL,"1","4","1","5","load","50",NULL,"2024-11-11 00:00:00","2024-11-13 09:33:04"
"683","398","1421",NULL,"28","3","1","4","load","50","2024-11-13 09:33:40","2024-11-11 00:00:00","2024-11-13 09:33:40"
"684","399","1421",NULL,"28","2","1","3","load","50",NULL,"2024-11-11 00:00:00","2024-11-13 09:33:30"
"685","400","1394",NULL,"16","6","1","7","load","50",NULL,"2024-11-13 09:34:01","2024-11-13 09:34:01"
"686","237","1394",NULL,"16","1","0","0","refer","50",NULL,"2024-11-13 09:34:03","2024-11-13 09:34:03"
"687","401","1383",NULL,"16","3","1","4","load","50",NULL,"2024-11-13 09:34:21","2024-11-13 09:34:21"
"688","402","1362",NULL,"2","3","0","3","load","50",NULL,"2024-11-11 00:00:00","2024-11-13 09:34:44"
"689","403","1394",NULL,"1","6","1","7","load","50",NULL,"2024-11-11 00:00:00","2024-11-13 09:35:05"
"690","238","1394",NULL,"1","1","0","0","refer","50",NULL,"2024-11-11 00:00:00","2024-11-13 09:35:07"
"691","404","1373",NULL,"1","20","1","21","load","50",NULL,"2024-11-11 00:00:00","2024-11-13 09:35:24"
"692","239","1373",NULL,"1","3","0","0","refer","50",NULL,"2024-11-11 00:00:00","2024-11-13 09:35:27"
"693","405","1363",NULL,"16","6","0","6","load","50",NULL,"2024-11-11 00:00:00","2024-11-13 09:35:47"
"694","240","1363",NULL,"16","1","0","0","refer","50",NULL,"2024-11-11 00:00:00","2024-11-13 09:35:50"
"695","406","1394",NULL,"16","3","1","4","load","50",NULL,"2024-11-11 00:00:00","2024-11-13 09:36:04"
"696","407","1394",NULL,"1","7","1","8","load","50",NULL,"2024-11-11 00:00:00","2024-11-13 09:36:26"
"697","241","1394",NULL,"1","1","0","0","refer","50",NULL,"2024-11-11 00:00:00","2024-11-13 09:36:27"
"698","408","1394",NULL,"1","7","1","8","load","50",NULL,"2024-11-11 00:00:00","2024-11-13 09:36:42"
"699","242","1394",NULL,"1","1","0","0","refer","50",NULL,"2024-11-11 00:00:00","2024-11-13 09:36:44"
"700","409","1435",NULL,"2","11","0","11","load","50",NULL,"2024-11-11 00:00:00","2024-11-13 09:37:04"
"701","410","1363",NULL,"16","7","0","7","load","50",NULL,"2024-11-11 00:00:00","2024-11-13 09:37:26"
"702","243","1363",NULL,"16","1","0","0","refer","50",NULL,"2024-11-11 00:00:00","2024-11-13 09:37:28"
"703","411","1333",NULL,"15","3","1","4","load","50",NULL,"2024-11-13 09:40:05","2024-11-13 09:40:05"
"704","412","1349",NULL,"1","3","0","3","load","50",NULL,"2024-11-11 00:00:00","2024-11-13 09:40:22"
"705","244","1358",NULL,"16","11","0","0","refer","50",NULL,"2024-11-11 00:00:00","2024-11-13 09:40:59"
"706","413","1373",NULL,"1","14","1","15","load","50",NULL,"2024-11-11 00:00:00","2024-11-13 09:41:14"
"707","245","1373",NULL,"1","2","0","0","refer","50",NULL,"2024-11-11 00:00:00","2024-11-13 09:41:16"
"708","414","1373",NULL,"15","14","1","15","load","50",NULL,"2024-11-14 08:44:06","2024-11-14 08:44:06"
"709","246","1373",NULL,"15","2","0","0","refer","50",NULL,"2024-11-14 08:44:08","2024-11-14 08:44:08"
"710","415","1394",NULL,"1","2","1","3","load","50",NULL,"2024-11-14 08:44:38","2024-11-14 08:44:38"
"711","416","1399",NULL,"28","5","0","5","load","50",NULL,"2024-11-14 08:45:08","2024-11-14 08:45:08"
"712","247","1399",NULL,"28","1","0","0","refer","50",NULL,"2024-11-14 08:45:10","2024-11-14 08:45:10"
"713","417","1416",NULL,"15","3","1","4","load","50",NULL,"2024-11-14 08:45:30","2024-11-14 08:45:30"
"714","418","1416",NULL,"16","16","1","17","load","50",NULL,"2024-11-14 08:46:23","2024-11-14 08:46:23"
"715","248","1416",NULL,"16","2","0","0","refer","50",NULL,"2024-11-14 08:46:25","2024-11-14 08:46:25"
"716","419","1421",NULL,"16","8","1","9","load","50",NULL,"2024-11-14 08:46:47","2024-11-14 08:46:47"
"717","249","1421",NULL,"16","2","0","0","refer","50",NULL,"2024-11-14 08:46:49","2024-11-14 08:46:49"
"718","420","1394",NULL,"16","2","1","3","load","50",NULL,"2024-11-14 08:47:04","2024-11-14 08:47:04"
"719","421","1373",NULL,"16","16","1","17","load","50",NULL,"2024-11-14 08:47:20","2024-11-14 08:47:20"
"720","250","1373",NULL,"16","2","0","0","refer","50",NULL,"2024-11-14 08:47:21","2024-11-14 08:47:21"
"721","24","1373",NULL,"16","3","0","0","tip","50",NULL,"2024-11-14 08:47:38","2024-11-14 08:47:38"
"722","47","1373","1","16","86","1","-85","redeem","50",NULL,"2024-11-14 08:47:40","2024-11-14 08:47:40"
"723","422","1315",NULL,"15","6","1","7","load","50",NULL,"2024-11-14 08:48:02","2024-11-14 08:48:02"
"724","251","1315",NULL,"15","2","0","0","refer","50",NULL,"2024-11-14 08:48:04","2024-11-14 08:48:04"
"725","423","1373",NULL,"1","20","1","21","load","50",NULL,"2024-11-14 08:48:35","2024-11-14 08:48:35"
"726","252","1373",NULL,"1","2","0","0","refer","50",NULL,"2024-11-14 08:48:37","2024-11-14 08:48:37"
"727","424","1416",NULL,"16","7","1","8","load","50",NULL,"2024-11-14 08:49:05","2024-11-14 08:49:05"
"728","253","1416",NULL,"16","6","0","0","refer","50",NULL,"2024-11-14 08:49:09","2024-11-14 08:49:09"
"729","425","1383",NULL,"16","2","1","3","load","50",NULL,"2024-11-14 08:49:23","2024-11-14 08:49:23"
"730","254","1361",NULL,"15","30","0","0","refer","50",NULL,"2024-11-14 08:50:14","2024-11-14 08:50:14"
"731","255","1416",NULL,"15","17","0","0","refer","50",NULL,"2024-11-14 08:50:33","2024-11-14 08:50:33"
"732","426","1435",NULL,"2","3","0","3","load","50",NULL,"2024-11-14 08:50:52","2024-11-14 08:50:52"
"733","48","1361","1","15","216","0","-216","redeem","50",NULL,"2024-11-14 08:51:29","2024-11-14 08:51:29"
"734","25","1361",NULL,"15","5","0","0","tip","50",NULL,"2024-11-14 08:51:35","2024-11-14 08:51:35"
"735","427","1394",NULL,"16","8","1","9","load","50",NULL,"2024-11-14 08:52:13","2024-11-14 08:52:13"
"736","256","1394",NULL,"16","1","0","0","refer","50",NULL,"2024-11-14 08:52:15","2024-11-14 08:52:15"
"737","428","1416",NULL,"15","9","1","10","load","50",NULL,"2024-11-14 08:52:34","2024-11-14 08:52:34"
"738","257","1416",NULL,"15","2","0","0","refer","50",NULL,"2024-11-14 08:52:36","2024-11-14 08:52:36"
"739","429","1315",NULL,"15","17","1","18","load","50",NULL,"2024-11-14 08:53:30","2024-11-14 08:53:30"
"740","258","1315",NULL,"15","3","0","0","refer","50",NULL,"2024-11-14 08:53:33","2024-11-14 08:53:33"
"741","430","1363",NULL,"16","3","0","3","load","50",NULL,"2024-11-14 08:53:52","2024-11-14 08:53:52"
"742","49","1416","1","15","32","1","-31","redeem","50",NULL,"2024-11-14 08:54:12","2024-11-14 08:54:12"
"743","26","1416",NULL,"15","2","0","0","tip","50",NULL,"2024-11-14 08:54:16","2024-11-14 08:54:16"
"744","431","1394",NULL,"1","8","1","9","load","50",NULL,"2024-11-14 08:54:42","2024-11-14 08:54:42"
"745","259","1394",NULL,"1","2","0","0","refer","50",NULL,"2024-11-14 08:54:45","2024-11-14 08:54:45"
"746","432","1394",NULL,"1","4","1","5","load","50",NULL,"2024-11-14 08:54:54","2024-11-14 08:54:54"
"747","260","1394",NULL,"1","1","0","0","refer","50",NULL,"2024-11-14 08:54:55","2024-11-14 08:54:55"
"748","433","1416",NULL,"16","12","1","13","load","50",NULL,"2024-11-14 08:55:20","2024-11-14 08:55:20"
"749","434","1361",NULL,"16","2","0","2","load","50",NULL,"2024-11-14 08:55:41","2024-11-14 08:55:41"
"750","435","1394",NULL,"1","9","1","10","load","50",NULL,"2024-11-14 08:56:24","2024-11-14 08:56:24"
"751","261","1394",NULL,"1","2","0","0","refer","50",NULL,"2024-11-14 08:56:26","2024-11-14 08:56:26"
"752","436","1315",NULL,"1","2","1","3","load","50",NULL,"2024-11-14 08:56:44","2024-11-14 08:56:44"
